address,amount
0x2EF2E49695F00fa835fB851c0575822f5f076a13,7915785761450277287136036
0x9d94EF33e7F8087117F85b3ff7b1d8F27E4053D5,4967440035500163493933763
0x445cc6C3D51EB0a63395a613a0960c7922bCA0d6,2261774599509454379078923
0xa4A6A282A7fC7F939e01D62D884355d79f5046C1,1586980637760899775821886
0x1D65d296b6Ad7Fdbf77D3C9CC44C9b2787f1A341,1579092972074587426224192
0x5E78C09984bd6608f8E913F0924062C043eD6ad7,1503353166756385464693655
0x62Da87FF2E2216F1858603A3Db9313E178da3112,1213897599330054827429379
0xFe13988736d95D052C2E45e5b4E1Ef2e2750b7F4,1179843960326434119480866
0x7F30A53F290fc551a089bd83107906bE649a92Bd,1104060803017664430620585
0xAe5fB390e5c4fA1962e39E98DBfb0ed8055Ed7A9,1103788031068885583800978
0x009023dA14A3C9f448B75f33cEb9291c21373bD8,915174978158169937299763
0x2d481a1b74c689481CEb8cEbd909962e4d6F5CDd,852642529616583469342124
0xB16fb56eF6e57aF533f26E577846ee045D0eC269,789526893873206391823986
0xD142c9cfE2F0BEF4c14594358fB65aeE1B726d2C,705810037742403228967298
0xE979438B331b28D3246f8444b74caB0f874b40e8,617789003917906537474433
0xAfC2F2D803479A2AF3A72022D54cc0901a0ec0d6,609293694539830836698438
0x9F7dfAb2222A473284205cdDF08a677726d786A0,525105384336744829364063
0xc2a39291ACf6AE4eD29c6Fcc15f1D54141F8d833,425989402968990009828387
0x98Dd467fBc8b32F08387f8888B161D5cD8C00889,425503237572603493274906
0xF64C2E6679E089cD1c3e303CA1245d4941747700,387569417977050371371105
0x95Bed7933b6046DF3F638654E53237cE8B6e1Dc3,374467236981183453838652
0xDe5e53c249e96dCDcF21bab9eC5Cfe7167516870,371988684930798616618436
0x575deEB3882BEE53ccd54d2e91F042425a33593E,350900841721421554024465
0xBf74C12D6e6A8C2Bd7f36a917250e2bf8BFFEFC1,348434575835187994535282
0x6b504204a85E0231b1a1B1926B9264939F29c65e,332088753752374607882342
0xf5E0639f856698D93c9D9886011018c304D52764,315810441738525007447037
0xa99640210D21A7318c3b85C19Ce5b3d49251E04d,285719708769751208978589
0x978C01b69dD722754D65fe39c4308F51B912a73b,285094348770970969942939
0x8f38831AF22ba36e871C15F2F1EC174446183B0c,227916997978991576532902
0x554604D5dBDca3ac382097f9A2a7e9AF4BbEf224,219637862842443835402551
0xA30a04384c162f4458aa5919a0FAE2db579d802a,199889585168342015702263
0x963F971A9a10926A0BB28be1F73e1B6160fB4B59,197745676988063814526649
0x7d6149aD9A573A6E2Ca6eBf7D4897c1B766841B4,192752559086502842829997
0x491a6C284a60D9dfDb6c8017B5823414FF6B9EC6,192503587340999935364554
0x411fA33f660EDded5dddc57cd50ac33eB4684C6B,187777550472354349978241
0x53390590476dC98860316e4B46Bb9842AF55efc4,183833017824366316006582
0x44Be25318903086EE9b6A163D8C63aC6a8a22a3f,168534912233706817605037
0x2940f0096c23ECFDe5D4331f9a8BEA65b6F90858,158005027908985705533352
0xe3C9E09E49F75d7EC947484abf74579Ea5aa0e18,148233292783701112197477
0x0C76b11a7eC51EE5CC205cA840ab808049d156Ec,147332508328027622289325
0x81D1A8FEEc4843D709CaAb4dD6338123FF54f1e1,138693820866024547232544
0x6750adBb477d0310f395DA2AD93abE4B9bfd1c87,138308274230038527585886
0x40c049c7d7fB97372D73eADdB71997CAc68f3Ddd,134412532331307698252239
0x00b32916575fcb38675309dbF122bB671Fb60497,132874218131285131429277
0x7C6EC14c8dA5bF4f67C5021F4D41a1C6C14fB98f,129356086292186135236441
0xf0B253afFdE4d348A63e2A5971C3978342c28461,123856567123380268614682
0x45602BFBA960277bF917C1b2007D1f03d7bd29e4,117920573739935568823670
0x75cf80481A444a3122aE1c6CE2cCb0B6622d8608,112321254134159041443156
0xEC8DbE01DBcBd2b986E45023DaD586795Da863Fb,111701955680397204516504
0xcd1883D83aEd27a87cC7572eb8F9855A0BdD944e,107719898240321453359113
0xE91F64cA1da165Ca8437686B69A022156550837B,105529926421686364685977
0xd9305FD3c64f35452Ba4d76F39EC7Fc8c8Bd77c4,99644621062287260821229
0x7D6A7eE46f6d5AddE1A19776b441AA0dF3279530,98400258991269100154946
0x4354A28c70E33032619DF646b6DD0D39d0C75916,96164375673756530245372
0x42506E49bE739699C14a1483874D0f12e9b1C62f,96068369203461556626915
0xEa8d287E23F1E005Fa8BD3c9d1EfAe2c726dB9A4,95155275668183787919392
0x9Cf59Ecde926cc1B5FF1Cb9b247E0FEC627091b1,92390876258700113293632
0x1fC669775A111a556b5D08B47553165d09E42Aef,92275200246838372804579
0x571e9aeFfF646CDFa80Da4745293daB94A7Ba4a2,91981725203903599951547
0x5deFD7328F2C5D4e84D21dAF67ea66bBE3cD6905,91471189596455295857667
0x0C36ac8863D0352436A70adDbF1Be34f3ea11017,90006065901545528667934
0xFEEcdBb3a8f9161c8CBeB79133564Ff92Bd2Ab3e,85955477125218430595320
0x7ee300Ec74F7af0304a9038381ea3DcF3AEE940D,85888841055375531975850
0xcEd2121058D0Ac8C931E061a263B441b9dE56b9B,79779077878681945722092
0x84d5922fF253e7287b642091F5803dF28a7E39Aa,79606101844690104792272
0xa4E097962c395b27399B326f16eD4d9466138Aa9,79478078813334202236116
0xef764BAC8a438E7E498c2E5fcCf0f174c3E3F8dB,79045000939709750431153
0xDdEB3A5D35984014b732E71Ac99F622fae483544,77534177487192598471725
0xce0Adbb76A8Ce7224BeC6b586E18743aeB03250A,77233076628037851227502
0x69daA47F4773121D58e28D73D4afAa6A2AD7B9cD,72440377799487760520000
0xBc154c448A2Db5b164854e3e00b693A89cEb5CA1,71377304812298590003467
0x7Eaac1748de6E99BcDab7F06731065edc90e6bac,71180270833275246178726
0x0905b0aca8A0b271071dA96790145386D9388Fa6,68920013241495030920212
0x78e96Be52e38b3FC3445A2ED34a6e586fFAb9631,68745288636300251329419
0xb0e83C2D71A991017e0116d58c5765Abc57384af,66464146076087362166381
0x3EeB02Dcf25be9a7EBc473221B6B9dc76AbE6bF3,66438751281581839217632
0xF5c063c58670B27E6a9FA97a20dC5BBBC493Dcb3,64227037928311891369354
0xE34bb624055B171D777EcCBbFC3BaaeeFfBE432c,63848834075485604728793
0x12FDdA0fdC960EEadf164C1183A8B16daB3B8034,62892764933666973325028
0xb5aeb3871b5897CFe24393c866137974D4e2Cc9f,62477575477614337400059
0x22fa8Cc33a42320385Cbd3690eD60a021891Cb32,61577824495676102337002
0x5309aaC198C88a7EB770244887CdF051E1155A88,60554502084772085275002
0xB03aEac789533514C7dF885e0D930d5EECB400EC,59807793289965339302840
0x67C42DC01Ef85F278BD0fED66D5B49413649ad8D,56561706677076505910270
0x659418bbb855c18F9253AcbCCC20b40051FeE6b2,55861446851932179725931
0xF14B1A6098036Cb4f3D867b0145785f98c998988,54661727125180911779083
0x39D787fdf7384597C7208644dBb6FDa1CcA4eBdf,53573308601250590081143
0x26e547A9F3fD90E49a9a85a91001ca3f7ba2c81D,51593977093424639943642
0xeC0297f0a72286c92E826E3b55BD61ad31986Dfe,50782968114339418197757
0xEeA1cBa569aDFB4A4D12f65f2987E8c89C05A1E5,50633367140405308119028
0x90d26c3805030A05C7Fdd89326a4A2a99CBadE31,50467816412263489712674
0xEC4F600564FC13720b7fd9512cbB5128e27AB67C,50281493952451472987145
0x365bd827c68D5DE0e2BFA5871dc0ECaAf074d5Ab,50226258650956103467973
0x185C4206EB32949aF2a9FAF3AAB8EDC81E84b73A,49857360105062786513457
0x8B85E47d939Dd97e1C873C65E7A8c7925d8Cf184,49509347490581105657849
0x24D19f100Ba142543a863fc2294b188e35aB55b9,48755112202715489069562
0xcB4755eA7C0c05b6041C2a58F07bd922A37401fd,47986181366583287364834
0xd000FA10efcdC734Af5E4E3433cE0E75f220549d,47611313997372288930141
0x270042A7623A90e6eBe6Ae6e3263d61896B46906,47413706729818694523571
0x169efE5FFa1011fd90ee8438785E49066eD8Ed31,45846487871342940504406
0xd783947ce4924147f35b319BD247eE628E7fB0BE,44590920756942119338540
0xe58Ce76Deb798FD45fC4EcFB9a49F406e7FFc948,44553634242780135255741
0x7Cb71635162Db9282554D7a9b808e8dea2BF55Cb,43910775605254929000856
0x8dA35B920fE236a757a0FAD93D3a3ab8eA0a24cC,42961470178155788408511
0x8540F80Fab2AFCAe8d8FD6b1557B1Cf943A0999b,42896084232779910225206
0x1c1cc870115FDf86288cf38556c4da441699A0E2,42498944543825141768850
0x46f6B1D519a5bDaf10d49e135c9F611c9bd126e9,41729938678456244987766
0xE615f2E4ecb9cd2689F3D08772F6aDbfe9EC8aC1,41344365324564325914254
0xCd1979AFF68EDEA19C7A8aadBE56d9fd1f3fBEb6,40111903536845078408892
0x743Cf4eDD1ccB68C99070b5C6659FfCcbFC7C129,39591705226731100970091
0x3A11F4c84688a1264690d696D8D807a25Ee02dd2,39227253007079634268391
0xed9C851aAdf96d4Ff2Fab2433BC4AA111BabC15E,38794303991119011517558
0x5F1e1d96A59781Ba6eF90B6724df11aE53C29BeF,38498413388294094504355
0xf7a35c03501EBFCA006b0072d7E153fa505008A2,37885732232187603065975
0x0DDC793680FF4f5793849c8c6992be1695CbE72A,36949858633266059137362
0xB81a0e6c38c3Fec8A171cFE9631F60127a0C5bfD,36706805178607867534528
0xd43990f7aB8EdCA4689C177E9d40C5D763999988,36215282811206427910409
0x4Fde2196d2D4FcB7a23CF333bE20849cE498Db2C,35930582743450218420968
0x44E24B004BcF1124FbF2719A650dD8F2A3341D2C,35464383429037792500213
0xe4D9ef3F930d1b172b2D3C631e4B7f5c15FE8E53,34781887892678410326141
0x12d3D411d010891a88BFf2401bD73FA41fb1316e,34470602625152530573720
0x187318f330E9e6E8a560b44A62577b5FF0E6bC1E,34435391388842017325596
0xBcAfdD642118e5536024675e776d32413728dd08,34358099017058149055947
0x86B0e61dA44411442Fe4C782f8557e0A6f560973,34123048259021536050458
0x5dB8E9605dE5Cd567293518FCA840536a5aC3a91,34095746931231310711004
0x1D2BCdFb26319d1F5919aa66b105AE972946b9fE,33734589310656813427298
0xd1a229Aafb92bb065D495BE603D76EE51C4200a0,33661647866000557678601
0x773d161310d07CaFC6f767Ca24f43e52163b9BE6,33059660372485227205019
0x8a532D4BFAF828e45Cca14fE8B1F4976b105fa6F,32402001957464207528035
0x8f291a5Ce15e31E295FE8667236D734252A60eC3,32380658523458104970694
0x5FF85ECf773Ea3885Cb4b691068AB6d7BF8BDa9A,32370602648801462064783
0xd08933750bfFB86861D1d76E559382658Ef4D762,32339021573046533809110
0xAE653682Dee958914A82C9628de794dCbbEe3D04,32328847466406723612312
0xbbE6495f5de6805C3e28BD66B26Ad2076C006DC8,32065717023030604480781
0x7c363e4650ca88e4676f1ce2aC6F2Dd50C102198,31946118809819545547565
0x8F688a91695F7D2a1E93e57cedcbf5c5202f617b,31750155273810260009350
0x0090a9DE17938F949203DBC00221AE1086dE78d8,31741086538753225475121
0xa01d3D567BF666B292Ca02f25e6fb37a6A55008e,31583570659912895005157
0x1f677edd538BF444C9FdB99931cc6f9A7a53F7Bc,31581075754928255672959
0x753fA0B27aBD046B2a4DC77515294d241a1A90fe,31545894436537265596139
0xb4522eB2cA49963De9c3dC69023cBe6D53489C98,31523303334241046285409
0x59b070fA414cB3e1952AC3D622FDdfAD804cc069,31493255099468951179584
0x1D1c6BE4Ea347d1A684A0dF351fedd8AD6771ac0,31447486016820259312569
0x8C39b7cB82B9D791ADCc9387098944B635C17B32,30942024796720533835792
0x92532bf9Fef6fb291621b664598f7B0699897542,30757757109997276047565
0x2e32935bfD5B2718f99BC8FDf8B37c16811f7D97,30699550611313459373250
0xF7B10D603907658F690Da534E9b7dbC4dAB3E2D6,30682607364956566111997
0x0013CEFc104698Bb40d574E2aE6C822d5D52cff3,30528014258202899466021
0x4fFAD6ac852c0Af0AA301376F4C5Dea3a928b120,30407664481739353045452
0x24405d6859919937Ed9A680b697F5E4D73Ea8E66,30216665694165255245236
0x2425F7f9e92e8b8709162F244146F4915AFF3D2F,30153212832859295197919
0xEabffeA3a1fB27d17a7961A65517DEc30b93ec99,30101818166567416177238
0xb0f4b88d29667607E88198a12E6B19700b08AbF1,30099986425464372997185
0x5fb6e7e6Cd299449A02fE47ccCd5cb70fF9dC632,30038267080701743275139
0x84ab6aeDa45c85b910c363a454c5C0e93D8691A2,30038049465306275326244
0xbDfA4f4492dD7b7Cf211209C4791AF8d52BF5c50,29964587271504614640332
0x98265D92b016Df8758f361FB8D2F9A813c82494A,29940307203279606394981
0xFdbBfB0Fe2986672af97Eca0e797D76A0bbF35c9,29922750425567787929368
0x981d8Dfc96f8F36D2609Eb0B6EE900241C1DE590,29887182438171167076077
0xa5e8EB3FE57369BcdA21C376b18d07A236D54FFd,29762452568827544318305
0x2f45724d7E384b38D5C97206e78470544304887F,29688943109972439352985
0x08d52BDD8aCbF9b45ade3D3FE4758389262CdD25,29517301633335166524433
0x05e09d942505764bca4475ABf8efdBc21D1c535B,29443531102624053349983
0x275f205C19eA1329eCf701506B449F14793575E1,29138279545284555096656
0x30E90CcBB23704a7D893fbc20CDFec712A6b2a41,29090783317278649543738
0xc93678EC2b974a7aE280341cEFeb85984a29FFF7,29035458277565928982495
0xc34efe5150dC9cBd89ce3bE1FBd2fB12ffC7af39,29031910590745678334817
0x0692Ee6b5c88870DA8105aFEAA834A20091a29Ff,29017366056156652858937
0x5F3BeCdB2a0257d6bF6D52f851Efc84547EF2aC8,29007607406474167254505
0x7d2aB9CA511EBD6F03971Fb417d3492aA82513f0,28929005462776084581026
0xF85385347F56819C316939434d427d0c9537EDdc,28918550304976423446918
0xEB4e17F4b6a9490eE3579c0F1EDF144868f2753C,28894682015148231969229
0xc29d294B9C254D20BA7E20923f31A8fE91D4fAeB,28875779055381162380291
0xB1Ec171401c914b437D331994b328aC01D904671,28859108933895617136714
0x527aBBd3b14eAeC4A5539b9186D18E71D0f6d816,28854562965913161066609
0xBf3C106331cCa10e7a31Ea421543EAa3A74EBaD7,28854134069428422950100
0xe519f4cd2803BA53A40E6377E82406e548418660,28825717071776883990775
0x08fdF0107A7d7e77B0f5E5A664Ac49a93257c851,28822552647986240179557
0x0960Da039bb8151cacfeF620476e8bAf34Bd9565,28822552647986240179557
0x0E457324f0c6125b20392341Cdeb7bf9bCB02322,28822552647986240179557
0x13B3A50F3947476eDa74FE191344524E2d2D28e5,28822552647986240179557
0x1617ad25e010d693404cac8fF81f8180F5Ae3c83,28822552647986240179557
0x280BF69d522BbCFb3aEb138C59D85A16e449057c,28822552647986240179557
0x2d95c2F99Df13b6D30F01841bD7278976759f44b,28822552647986240179557
0x30887fc55CbFAd3487Cb55bfE1779f6d2ba1c118,28822552647986240179557
0x3Df71Df678720133f30CfeFd7430F60bEabd7e64,28822552647986240179557
0x4Be670EE941d277bdb16281cE5B0136e9A8743c5,28822552647986240179557
0x4d1Dcf15AcBC0b69aED7b0d87BDA5Cbc66C48184,28822552647986240179557
0x4D928359E8556197f161F4927a928DFDE9c3d1a8,28822552647986240179557
0x537037C5ae805b9D4CeCAB5Ee07F12a8e59A15B2,28822552647986240179557
0x6B3c77026D2002eeeDE5243768059197A3DCDaf9,28822552647986240179557
0x6c833b726CD5A6F6F6b3321CC8F444B625199fE2,28822552647986240179557
0x802A26952a2095a5986674937C9c43F37807b380,28822552647986240179557
0x87E6888935180a9b27A9b48B75C9b779bfEC1f76,28822552647986240179557
0x933258BdDD49beeCa77F6D1889633c5429AF45EA,28822552647986240179557
0x9e51bb6841fe9d6fbC7BCc9bAFb67D65767CeB32,28822552647986240179557
0xA3D05108450cAa759535eA9BA1483844A2418ad3,28822552647986240179557
0xAb45160C38E9781347fAd728b7331E2601812198,28822552647986240179557
0xb1776C152080228214c2E84e39A93311fF3c03C1,28822552647986240179557
0xde208627B38b9795284efCc14D8B8C313462876A,28822552647986240179557
0xde699bEDF464A7AE064fD2BE99F9F2C1d1A17C89,28822552647986240179557
0xdeeb758e147ea422E6bAd89bcfAFAbfAc0527949,28822552647986240179557
0xE3c09691DACb8086288DAa66104E3B4682d76bb5,28822552647986240179557
0xe61eD4D6722396334aB7589760F0bfF5656142Eb,28822552647986240179557
0xe965484BA4250c446779D4703f1598DC2EA00d12,28822552647986240179557
0xEF42253884aAc0A5DF6eFDC5Fd04aC3cb1F485Fd,28822552647986240179557
0xF3Ae3bBdeB2fB7F9C32FbB1F4fbDAF1150a1c5Ce,28822552647986240179557
0xf73374c8D5691e2A8733bd997eC28282BFD8bfd4,28822552647986240179557
0xF8e95aa8434B7f16113f3d5119A4464DdD2E8d81,28822552647986240179557
0xF93357310634869FC4aD6Cf1F8bc074B47BF32b4,28822552647986240179557
0xfF357C416cE671c1E64d3d560f2221b1110B1AfC,28822552647986240179557
0xbDeaF7d15C6d7a7A528F1870Afcd3C57b101ABF5,28779764181612531194291
0xc9d486048A9B82172F6f2A2ce6D9024c9D1097dC,28779261984706252289433
0x41Bc7d0687e6Cea57Fa26da78379DfDC5627C56d,28769326240591317978822
0x1E2Ce0C1D8E9F7614DEA6c3FA78e91d34247F380,28751173668038579543214
0x66fB1cD65b97fa40457b90b7d1ca6B92Cb64b32b,28740439062108936985908
0x0417926c1504f17892cff3B0D0FEeDA89C711fCE,28716099833196395778088
0x0478Faec5bB44c02c3Be28181dE4d565aB139bBC,28716099833196395778088
0x056590F16D5b314a132BbCFb1283fEc5D5C6E670,28716099833196395778088
0x07c2af75788814BA7e5225b2F5c951eD161cB589,28716099833196395778088
0x0991D02f28a5283338e9591CBf7dE2eb25da46Cd,28716099833196395778088
0x0D41f544b18B779389081833791c24AE5075B888,28716099833196395778088
0x13eA124C50B0932902a3301C15BDc0342c10A874,28716099833196395778088
0x14Ce500a86F1e3aCE039571e657783E069643617,28716099833196395778088
0x1C0b104A9EeFf2F7001348a49fA28b8A0D23d637,28716099833196395778088
0x1fafb618033Fb07d3a99704a47451971976CB586,28716099833196395778088
0x239EeC9EC218f71cEf5CC14D88b142ed4fF44110,28716099833196395778088
0x23Be060093Db74f38B1a3daF57AfDc1a23dB0077,28716099833196395778088
0x2518E88e27169fC33E529D00D998d5A2b15A9584,28716099833196395778088
0x27003bA96fBF876018ca6117aCF338F0212C811F,28716099833196395778088
0x286e89d827FD7aE42F96e87b21AFE898768caa1c,28716099833196395778088
0x2DAB8fAE6302789b3D73d486Db7C8352cdF48BcE,28716099833196395778088
0x2dE640a18fE3480aa802aca91f70177aDA103391,28716099833196395778088
0x37E5Df37885a6d0B43BEE9eC2997B1E0037fB490,28716099833196395778088
0x383F42b5De515C564641f65f5da3BD8b4a35B4B4,28716099833196395778088
0x39B2BD7B6362f5282B98a3F5cF779e2b3457F82b,28716099833196395778088
0x42869A8455671C419BdCD1905f4966E6D305f216,28716099833196395778088
0x42d02f4cd48BDAC116b7E3A4895f586777948FaE,28716099833196395778088
0x44c2968C98BFaE5bD451f2CC524Ef3e7103Bdcc7,28716099833196395778088
0x46a0B4Fa58141ABa23185e79f7047A7dFd0FF100,28716099833196395778088
0x49093Dd406ABFa8413B97B11f6DfbdC57134Ab58,28716099833196395778088
0x538DeD4D0d461206AE8E0c021d5179D3a31D2b12,28716099833196395778088
0x586208843e4b7078DBAb9898f7b592E5987d3019,28716099833196395778088
0x5EDCf547eCE0EA1765D6C02e9E5bae53b52E09D4,28716099833196395778088
0x5FB8b9512684d451D4E585A1a0AabFB48A253C67,28716099833196395778088
0x6C6541Cc3Ec6Bfc2d7B0CA48CcB0225cbbea9B59,28716099833196395778088
0x6F55Ecc1CB708ccd77240B96A9a2554D939AE3b8,28716099833196395778088
0x74078F75EB7Ba3a0097421027eB9EaeE8c5C1826,28716099833196395778088
0x7532A9E3e9475337c8A907428E35932A20959FDf,28716099833196395778088
0x76fC54b4eC08917fc4a7FC6a72d0BaAff9861ad7,28716099833196395778088
0x7ab417afd459335213601F160DDA165b789B0193,28716099833196395778088
0x7D26D3bD8e5EEe24697ECDF4f7b41C2CA2F92F30,28716099833196395778088
0x87428DB7C48AAD07E2B565756B2E70064973104a,28716099833196395778088
0x8b43AdB7C0E01ac5Cc4AF110C507683b24C648E5,28716099833196395778088
0xA0Eac5D90Be5e6346B22895a207d49FBe9711447,28716099833196395778088
0xA49B8C71964Aba7b31c08757e1C50722096eF7B1,28716099833196395778088
0xA9Cdf0542a1128C5cAca1E81521A09aEc8abe1a7,28716099833196395778088
0xb1f530f9894E19446b5c6f315B1174d77449Bcf6,28716099833196395778088
0xbF50D465E47c4c6AeFE651a18864229a6D453347,28716099833196395778088
0xc23eeF354eEafa70619A1A37F9139B9b09Af826A,28716099833196395778088
0xCDFDb5dd29CBa38496b9154b9df4F3346Ac886e5,28716099833196395778088
0xD50f649a2c9fD7AE88C223DA80e985D71DE45593,28716099833196395778088
0xE1a24535D1Dd36C2B1508e11138960C3950Ab161,28716099833196395778088
0xe1B048F4Af9CF771829a5BaD6E77D636BE2CA3f4,28716099833196395778088
0xeE160154b02A2e404c6c13ff0B28Ed76010cf07d,28716099833196395778088
0xF555eA7a85C2Cf13DB640148e2d4c8a8027e8eF4,28716099833196395778088
0xf6b54fe3056146BBa797DAabfbA2FbF5DF539268,28716099833196395778088
0xF791da446D04282f921f38FBF954aD5cAee899a3,28716099833196395778088
0x41954b53cFB5e4292223720cB3577d3ed885D4f7,28622423132995918702487
0xCc71b8a0B9ea458aE7E17fa232a36816F6B27195,28588686980164213837145
0x52E7bdE89Fcbd1e1C656Db1C08DdE45D82447e25,28565399209401953017857
0x4a7D7691D628670BD350CB684fDf34D63F6E9E0f,28445851620529391784571
0xf69EA6646cf682262E84cd7c67133eac59cef07b,28294387329134812311223
0x05F0BA0f63b401BC9B86089265Cee2f79c955768,28191012680218326982588
0xe16c0E1Bf3B75F67E83C9e47B9c0Eb8Bf1B99CCd,28180448496515875050425
0x2d1EF4aCf4cae6a38950971AaAA15f88D9b3f165,28180288072426923123065
0xf5B4635f3858a2Bc80a17BD4450E05a35Ad99A72,28075632332400009456803
0x0154d25120Ed20A516fE43991702e7463c5A6F6e,28039004062979282117248
0x9A45C63EF50d0cc8CCDAFFc54eA5ac8007313a6f,28033533663829143509957
0x2BFe66759f0331066F3E7D57b3DC9a96bfC17927,28024156537062407168539
0x42eeD6182E4f3E37D3aE08a0d2A04C258ee0aE87,28024156537062407168539
0xf5830FF9B625b60131D82530c51c9e294a9f7478,28024156537062407168539
0xf5dCb2a47f738d8bA39F9Fa2DdC7592f268a262A,28024156537062407168539
0x00000029fF545c86524Ade7cAF132527707948C4,27970930129667484967805
0x044a9c43e95AA9FD28EEa25131A62b602D304F1f,27970930129667484967805
0x0e9f8DEA2c6a7C28653993c8248F9d45B82b28b4,27970930129667484967805
0x23DbaD15fD6f68077A8Ae654CD58Ce2f07b01D2F,27970930129667484967805
0x256e6582A76727A001B25be9B3598C3E8daaC664,27970930129667484967805
0x35bb6cDE9C182D4602f6b0aA76543783F1A52756,27970930129667484967805
0x4553eD5d8d3731E629f67BD86abd021175F31848,27970930129667484967805
0x8Ae20FaBeB608Fd307Fc1eA15A294340a547d501,27970930129667484967805
0xee1a62F0C6Fa867A062E8d33bB6969Db020969e5,27959376394751275904296
0x892497a970e07D0cEE8e2BeCB0D6E9EF40197f33,27959220542142425333354
0x2A5F8D85897E1946bF8921097f7bbD7A4fc222B6,27949403296701413952915
0xcC202930867769A83B61cf5053b65D1845E76Aea,27927639466387497077681
0x829148aBa1177C4b6A6A3dbcA3E165FD34094e1b,27926646426213484378977
0xD6A0cF86aff730EDE6c830F1E03B11d29De57BF5,27897637444420315234792
0x9dcC35aE915926F7f5E8c624254d91F755d55B71,27896374201390118104565
0x4dE361D87F3E861A5Ed59E8A548AA4899ECFA9E6,27896058390632568822008
0x6e74abe08B824f2D615a76227f7498af6062F38e,27896058390632568822008
0xb9C9BE1Ee54b1842bA20387aAfE867796FbFc365,27896058390632568822008
0xC0420A6C3913E5cE472a662e173F661f5d39801E,27896058390632568822008
0x86F032cD94D4A681bf4B8328b0D958Fd2EA77A4D,27887194558705053972891
0x0C133DF3EF597Ee4AF29406D82f1D9188cc9c228,27882294940619962765924
0x4971DD016127F390a3EF6b956Ff944d0E2e1e462,27873825313301099330015
0xf6E0ec9F66eA43F6dA1847763f4433a8444D38f2,27867977405689237028144
0xc5E5a7F422943B8ecdDD56CaEFeBCBe4cdE9051a,27867832332852786319862
0x00000639CaeA2F4991b946C1F68686E4dF700000,27864477314877640566336
0x0039F22efB07A647557C7C5d17854CFD6D489eF3,27864477314877640566336
0x00551B73Fd95C6d01db4ec1B158A6e7B27bDc045,27864477314877640566336
0x008D63fab8179Ee0aE2082Bb57C72ED0c61f990f,27864477314877640566336
0x00dEcFEec5d6D9D77275CFdc1e447cF284Ae13e2,27864477314877640566336
0x014931f3709CB251650944Bf6F0bd60F213E95b7,27864477314877640566336
0x01df05aC0537407f6806fE2b043cc90cfF0309EF,27864477314877640566336
0x0297225C54372F1Ca687Be9F1DeBe43D80Ff7887,27864477314877640566336
0x02e51d6Ce16201A28Eaa7DE9C8C4BFeD25B4b081,27864477314877640566336
0x033347D60d2D41149DcB504308C9624ee0a14618,27864477314877640566336
0x04c95C6F8EA7Ff7c3F7a2F148Fae75650c5A875E,27864477314877640566336
0x055AD5E56c11c0eF55818155c69ed9BA2f4b3e90,27864477314877640566336
0x057556393fAc5d9e10A03D110613A79C99A8f34b,27864477314877640566336
0x06Ea42E37Ea3173056844C81E372A4c8b6cbe664,27864477314877640566336
0x0723e725Bdd7857D0746f4063e23afbce0c06D0a,27864477314877640566336
0x078E88E465f2a430399E319d57543A7A76E97668,27864477314877640566336
0x093D5F54f2a212f82056b34c12e3710E24Cc6aF1,27864477314877640566336
0x09D4083fFD20D21ACb9118465aD7C52Ac8B548f7,27864477314877640566336
0x0A53E28f2f7b27971E18a6305C2C74A449BADd2e,27864477314877640566336
0x0ad59C344359Fdf8472E7FFbf4eB6AF4751138DA,27864477314877640566336
0x0AFF497Bd016000185b1c8302fA98a88fF4A4178,27864477314877640566336
0x0b13f13c0E99F24b96A835B787D1347B33d87776,27864477314877640566336
0x0Ca170dC25f1AE2dD4BaC85d375bb7bbD46886eB,27864477314877640566336
0x0d07E9D74c83945DCE735ABAAe7931d032A02392,27864477314877640566336
0x0d0bD6469BE80d57893cf1B21434936dfAA35319,27864477314877640566336
0x0D5Dc686d0a2ABBfDaFDFb4D0533E886517d4E83,27864477314877640566336
0x0dF829Cb27831C1e879BefB5f815EA98FD6f8444,27864477314877640566336
0x0E46E528841373B9d5e98Ee8e83aD7910C82DF5E,27864477314877640566336
0x0EbAC44fca2453616dA415C0be23529920fb8223,27864477314877640566336
0x0fCCef1C29dEDdB1E2A007Ee9C1EDf63149aA6b3,27864477314877640566336
0x0ff84F89aA16B264075911eDc5e4aEad20807DA4,27864477314877640566336
0x1297Ad486549A430d59D9d5f99eD7C216b6e77DD,27864477314877640566336
0x12aA1776cC7645d4b5089d1422EF33E19edb30ED,27864477314877640566336
0x13AC34Ca33AE3e040E7fbD64c37926be343d1ab0,27864477314877640566336
0x1423D630d5Ec2F8b97002A01AEdFC996b964a1dF,27864477314877640566336
0x14986B2335F03faF249Beb1A18630bf9E3909dF3,27864477314877640566336
0x16388463d60FFE0661Cf7F1f31a7D658aC790ff7,27864477314877640566336
0x1678b549Be696b1DfCe9F0639D996a82409E1Ea1,27864477314877640566336
0x1711bc52bf7e0494325799717fe640F1924617B7,27864477314877640566336
0x1729f93e3c3C74B503B8130516984CED70bF47D9,27864477314877640566336
0x180C60E5937916C6bcA43a1E404D27559deBc87C,27864477314877640566336
0x183B7BE78C2d89ed96ED22329c6901c623245Ff9,27864477314877640566336
0x1E17F8876b175d37Ebe08849434973C051261461,27864477314877640566336
0x1EBa4156EdBc932dBba3AB346DF0BC5DAD090ca5,27864477314877640566336
0x1f7aABCadb1f35f4fA1fdac620eBf63bd20b2f9b,27864477314877640566336
0x1f7bfd7dE854f73a9f3F9A99A014980A630367b0,27864477314877640566336
0x201b5Abfd44A8F9b75F0fE1BaE74CDaC7675E54B,27864477314877640566336
0x205a2385094912bB7261cbA2131664D195f37155,27864477314877640566336
0x205b993Bb19930C80FB10ddF4f4c423e49c4cAAC,27864477314877640566336
0x20F7C7E4b410af0D7309a04792FC22c7b4c7f46E,27864477314877640566336
0x21C8dc59f2E9A11c4C1a0C310641968132c6b1Be,27864477314877640566336
0x22fA3239c4bf43D05CC587ff40ea3bA5841C6709,27864477314877640566336
0x2326D4fb2737666DDA96bd6314e3D4418246cFE8,27864477314877640566336
0x2421134C8E8278ad199f6886ae70C5C373dA3b48,27864477314877640566336
0x24f8D92794A283B454D1Fc32722F51A4f3Bc1ae5,27864477314877640566336
0x2566BbE9853b6b90bfE7A5788ddD01735F503982,27864477314877640566336
0x256BB5ad3DbDf61Ae08d7CbC0b9223CcB1c60Aae,27864477314877640566336
0x25A34b7f2533761A0EEa417D4613b54861278E79,27864477314877640566336
0x261cF3CE87946c046ff24a1463b5553B9ab238AC,27864477314877640566336
0x274d9E726844AB52E351e8F1272e7fc3f58B7E5F,27864477314877640566336
0x285A878a747A37C044B0f45258b3904FcD610d90,27864477314877640566336
0x2942ebe9335220fDc74a8542277a4D9C53c5e530,27864477314877640566336
0x297946c26171008BA8c0e5642814b5Fe6b842Ab7,27864477314877640566336
0x2B9858Dab41ea07249d58f82e566404bd1778e9b,27864477314877640566336
0x2bF3473Ff8a245f92137806Fa69699D42Ce35326,27864477314877640566336
0x2c846af5980FcdE93F359b04A3D0e723b7C54112,27864477314877640566336
0x2d24e67A7F502d24631e5734E79cD0A63Cd7533c,27864477314877640566336
0x2d6D7C925CaC602c0a577B4e42ca195ec44fD04D,27864477314877640566336
0x310F90a62ef26bCb930e47b3a12f5eB299B8FFfE,27864477314877640566336
0x320e732862E03b164abBb69E86F560b1c0C70122,27864477314877640566336
0x32C8d674e5012e2c2f1fCd82eC650635d137c5c6,27864477314877640566336
0x331251c7e76d26Cb33ACc063240cE8EE03CE6ec2,27864477314877640566336
0x33663e7953f017ef39B103dA9b9C3acA90164DE3,27864477314877640566336
0x382bC51a164ABA74AfDd0024F2AD6f81ff261553,27864477314877640566336
0x3841D90d38D0cD3846d00b37fAF0583504b93475,27864477314877640566336
0x38C581D376af690f92E3a4f4af2CcD0576F9857e,27864477314877640566336
0x3943b578D00D61b622Fd99AB6F16921e54F7612b,27864477314877640566336
0x3A5e0437Fab214cd3769be951dF73367F7216a42,27864477314877640566336
0x3a79019fea9C0dD84add5766Be58D57826295fbB,27864477314877640566336
0x3A8E73D47167BDe25E1e694b37A7238Be44a58cc,27864477314877640566336
0x3aA81C0e95cb55f6Cdf307DBCdCc76a0fa2541bE,27864477314877640566336
0x3B5E393D467a8FFEbc8d49b7e6c69188cee55582,27864477314877640566336
0x3C81153FdAD77E7f8cB04C5B3156A4143886ead4,27864477314877640566336
0x3e3Cb583c2079b6953B8AfBfA7D5aFC14139286b,27864477314877640566336
0x3ebd4d6D131a2275dCe5E7AE8A2cd66cd1d7E766,27864477314877640566336
0x3efD3391A0601eaA093647F911c653d77C11e3Fd,27864477314877640566336
0x3f02cFf04a8a34869953595c2740d26941D1F632,27864477314877640566336
0x3F29065b40353C7D823B5834E8Ccff5Cf1e539B2,27864477314877640566336
0x3F2d1d12aF8F9b5A8903Db43a45Bf5BB737e38F7,27864477314877640566336
0x4026b3Da349C2952255Ca9db4F055ea57F4e037C,27864477314877640566336
0x4090748e91d07e43Ba44efB6613EF9004b4AB25C,27864477314877640566336
0x41229D33fdA2D96300CCDc2cBB1782d749e4A2F7,27864477314877640566336
0x4125533e8c48385320069793C463Dc554C77A398,27864477314877640566336
0x414a26eaA23583715d71b3294F0BF5eaBDd2EaA8,27864477314877640566336
0x42Dd6252b9be3Dad03220E8F730C300564d741a8,27864477314877640566336
0x42E61987A5CbA002880b3cc5c800952a5804a1C5,27864477314877640566336
0x42F58f224b42D0FaC875669FE26F085b875f676f,27864477314877640566336
0x443ceBE8C58E6e23921Fe37Dbdd6f8a6e8fea233,27864477314877640566336
0x455d7Eb74860d0937423b9184f9e8461aa354Ebb,27864477314877640566336
0x461e76A4fE9f27605d4097A646837c32F1ccc31c,27864477314877640566336
0x473bbC06D7fdB7713D1ED334F8D8096CaD6eC3f3,27864477314877640566336
0x478C24966B80A46b7cE30abE8Ddc2461E495B710,27864477314877640566336
0x484aaf6cf481DC921117Cb4B396a10db4934A063,27864477314877640566336
0x49E6e68D9118c69Bb36d9bAc12B6022C729CaFA6,27864477314877640566336
0x4a4d0C715D42c9c98B3263621744f2993334622f,27864477314877640566336
0x4c180462A051ab67D8237EdE2c987590DF2FbbE6,27864477314877640566336
0x4CBff11D7b1fF1DDC2e077CfBF1f9D2832315b84,27864477314877640566336
0x4CddfF23d036E15fe786508FfA39B27F73b4A01a,27864477314877640566336
0x4ce73cC57943602dF15fCCF1EE291c5d67D38326,27864477314877640566336
0x4DAEf97203Fa6654F6338872DA5bD1EA2E879533,27864477314877640566336
0x4ec4E360ef15Ba15a775216A51643bea48623296,27864477314877640566336
0x4Ee0Fcd192Ad16d540f505202518fE42646e653e,27864477314877640566336
0x501468f413A89022AF4a5022d6d33df038d735de,27864477314877640566336
0x512E3Eb472D53Df71Db0252cb8dccD25cd05E9e9,27864477314877640566336
0x51A7EaD10340AF963C3124b026b86dd2807c2b1C,27864477314877640566336
0x5247A3e94aEC48D7C017ec33FfE0159fef97E762,27864477314877640566336
0x52ccFf5c85314bbe4D9C019EE57E5B45Ad08B0Db,27864477314877640566336
0x5338035c008EA8c4b850052bc8Dad6A33dc2206c,27864477314877640566336
0x53C218ee4B05f817fab41afD2c66fD92550A8888,27864477314877640566336
0x53d98d7cf2E3d03Ef031fDEC197792d0c713303d,27864477314877640566336
0x53ed28176db658560a13FF36D730cAc0237F6f06,27864477314877640566336
0x56A201b872B50bBdEe0021ed4D1bb36359D291ED,27864477314877640566336
0x58CAA9F6F5ADA966B6BebC5B3335ee9e41F2eD0C,27864477314877640566336
0x597568694FE6eE1b701EC8578bd57102C9A29abd,27864477314877640566336
0x5a14e4DC3AeD9a2dE038994b3Ed4f3053428458a,27864477314877640566336
0x5aD3f9E83055764c4251e6bc7922B6e04805BFD7,27864477314877640566336
0x5B76247E1fa700107D3eaF5ad4dE09D0Aca611bC,27864477314877640566336
0x5b9d1406ACB4f52164eC66740201C6CCCa08c2bf,27864477314877640566336
0x5DD596C901987A2b28C38A9C1DfBf86fFFc15d77,27864477314877640566336
0x5dffC96130E6B882e4c614B61a1469A1Fa2E9570,27864477314877640566336
0x5eA1D56D0ddE1cA5B50c277275855F69edEfA169,27864477314877640566336
0x610Aec3851d7688C4C8AEF3a6173F667E8beeF73,27864477314877640566336
0x61F72FE1e4FF809A2ecA0b191C608599A192E1a1,27864477314877640566336
0x6204ABB8806A72556a12BaE70c089A9a2110CFed,27864477314877640566336
0x621f2A5ef987e064E76da1EB378e7193CeFC0baA,27864477314877640566336
0x637a67Fcae558772c4DE66aaB562DA49530e6ae3,27864477314877640566336
0x63EFda6CbB60b99144d03573f05bd6259C87D4a1,27864477314877640566336
0x649f69CCd077Da03dFb11f4b1daAb4B625f5E9A3,27864477314877640566336
0x66D30263D3E33dF6fECAFB89Cc6ef6582B248Bcc,27864477314877640566336
0x66EF8053E69538075128FA1F59A576D278d916e5,27864477314877640566336
0x67941779E59CEFDBc61Af9Cb047d44C173301795,27864477314877640566336
0x67f72412A592D066A2e688e62664116dEAbEab29,27864477314877640566336
0x68c1bd5d5f2Dd748AfDfa7B4B4Ea043c60595095,27864477314877640566336
0x69A9e28939C80eD9498e069964a579E684845B1e,27864477314877640566336
0x6a01AF210dcE01f44b5067fc688641384a8BCE5b,27864477314877640566336
0x6a4d361B7d0daDF8146DcfE6258A8699ea35eB81,27864477314877640566336
0x6Dc66fc78982D0Bd989941C4520Bc8F4143A5eDD,27864477314877640566336
0x6e0a0DF2d76B97c610e5B96c32CE53b8Ab4c856C,27864477314877640566336
0x6e26d91C264aB73A0062ccb5fb00BeCfab3aCc6b,27864477314877640566336
0x6e4F950321Ca13946D442a0f00DB03cD731B41d7,27864477314877640566336
0x6F57f7b099FE5553198fdb67A74A4f90902C67c8,27864477314877640566336
0x6f5a8A35fb10EEcEF9128f407a0fe67B898556CF,27864477314877640566336
0x6fF98fE4E706d4F8817ffddC941461BD359D2f80,27864477314877640566336
0x712d0f306956a6A4b4F9319aD9B9de48c5345996,27864477314877640566336
0x71506af8e1Bc762B4a7745665595ca07548A944D,27864477314877640566336
0x726CDC837384a7Deb8bbea64beba2E7b4d7346c0,27864477314877640566336
0x733428F811d11940ed1168dCC57e21a5660C8F68,27864477314877640566336
0x750a2f03e588D7960f9269E78661AE884f757FFA,27864477314877640566336
0x75A35F615Cb1bc590E83fbBBc1fe10AA7b58FdC1,27864477314877640566336
0x760497bFfaED0850Eb7dB38b5A28AbC3b1c656E7,27864477314877640566336
0x775AFd2f9bABD405D087D7bc32eBFFA477de3B9F,27864477314877640566336
0x7879a0c239F33dB9160A8036db0E082616CA8690,27864477314877640566336
0x7A27F0FCDe0AaF0514Bbd8182980768A5f2Cde24,27864477314877640566336
0x7B1bbc444cBbBBc481531bE02a086742c5E7271A,27864477314877640566336
0x7b2366996A64effE1aF089fA64e9cf4361FddC6e,27864477314877640566336
0x7Bc5C95434510DFc7f05851056631b6faef3D5c6,27864477314877640566336
0x7De07Bb8A43C1953a019906CF2c8287Dae478be9,27864477314877640566336
0x7F4e68B4193322A16ba462159D6D9F92D651FAa6,27864477314877640566336
0x8158c1d2Dbcb3c2F622E97BcC5B8466FEc5619Ed,27864477314877640566336
0x82B7C92481Dc845C6663E61cf495dbaa79755aa2,27864477314877640566336
0x82DCfF3c5F3CD89eEe6887cA817A92289A73B7B8,27864477314877640566336
0x8316941e4B91D3e0763355a6804Ed0C0aC844F37,27864477314877640566336
0x8473aC160F25f85c5F46697Ce283cFE785fD2690,27864477314877640566336
0x84D34f4f83a87596Cd3FB6887cFf8F17Bf5A7B83,27864477314877640566336
0x84d5aB1007BEbF293A6e7751F59C643459deebFc,27864477314877640566336
0x879253B5Cc2B13bb976e075F0571F85454A315f6,27864477314877640566336
0x8794d984e0AB8A967347290D931baEFba450075a,27864477314877640566336
0x890F1815a0935B10126bcfe6Dd48CE37eD3064ed,27864477314877640566336
0x896b94f4f27f12369698C302e2049cAe86936BbB,27864477314877640566336
0x89Df3ba0Df0bc96FD77c1c684e57f016052aAD81,27864477314877640566336
0x8Bcf7E0ca3de9Ec2637A76184eB746e844d2e2F6,27864477314877640566336
0x8D73e98e7E123e765814e887a0071A5a7601aBbC,27864477314877640566336
0x8eD0De033eea6eD209E33b7f553A980792cF2034,27864477314877640566336
0x8Fb17607a028F3eE8a78A5A6a263114d40AEdcB0,27864477314877640566336
0x8fe7b143B2C67739e9C933DA0a48142b14c4415d,27864477314877640566336
0x8ff9b14D82B7A4eFe95f248C6d8D7C8D6c447640,27864477314877640566336
0x9021142742BD7C6e040B800FF8bbEc355cf339cD,27864477314877640566336
0x90274a1c02a0D24C6E8Dc7Fc0591bA1ce922eb6B,27864477314877640566336
0x916F70FE410adB328c1050e8333B4dfC8c341290,27864477314877640566336
0x92b1A521883b2E267982E1CBb65A78f1Ee788283,27864477314877640566336
0x9304f5788c077371999a0aa65dca8466742DEf03,27864477314877640566336
0x93C08a3168fC469F3fC165cd3A471D19a37ca19e,27864477314877640566336
0x94712699C06Ec46b09f31B1aECd078049Dad3Fe3,27864477314877640566336
0x9746447d8F9d1DEdD70a470e419dFC472a7EbbA5,27864477314877640566336
0x975e7D4448b51393E77FD6633035B9d63BF28d09,27864477314877640566336
0x9790E2f55C718A3c3d701542072D7c1D3D2E3F5f,27864477314877640566336
0x97c8e82De65D6386CA596381Ba53679894dc5B04,27864477314877640566336
0x988CAca3E6519cb3Cc39CD23c25960D3A22a0d7f,27864477314877640566336
0x997563ba8058E80f1E4dd5b7f695b5C2B065408e,27864477314877640566336
0x9a82aA6eDbC473a883B8906Bf41084c9c1B760F2,27864477314877640566336
0x9b1370A78007B22812aA6D5bC4BD022b6C0B81b3,27864477314877640566336
0x9B19a7F55ed29677197EA62eADa32fc92118f8e0,27864477314877640566336
0x9c46305ecA4879656252a4323bF2ef85C22a14Fb,27864477314877640566336
0x9c7DC2C545fEf4668e753C6bbFeab4A64D165E6d,27864477314877640566336
0x9E406B2c2021966f3983E899643609C45E3bBFFe,27864477314877640566336
0x9ead5E6E90440e69B5F28fEF5942a5B273387c13,27864477314877640566336
0x9fDC6c51ac273637eAD71b34e031c4E6B52bC57B,27864477314877640566336
0xa0f75491720835b36edC92D06DDc468D201e9b73,27864477314877640566336
0xA15Cc015c3eC091ac40d9BCf00F8527C6933D5d0,27864477314877640566336
0xA1830E8d9F019FEB448478a171Bb37Cc6C4c0482,27864477314877640566336
0xA186727FDAF90cD7d9972572E32C618Ce04206f8,27864477314877640566336
0xa2b45156B24509d4D336A9E63607f96462D7d4C3,27864477314877640566336
0xa30AFa4363B1C60bbfc19e7d5fa69635567bBDd3,27864477314877640566336
0xA357E74D6cFb6D459ae063129aA3515cD49Fa412,27864477314877640566336
0xa38cDB63c943E9481c9b87DB5C80f5AC333d16ED,27864477314877640566336
0xa426Dad0179b6A374A47164887845A29eF832eC3,27864477314877640566336
0xA44dc707eAE282144205e0eE1C7E356A14Ca78a0,27864477314877640566336
0xA4A528c383be6588CbF73f3DA4bf7cAd3Eb346a0,27864477314877640566336
0xA4e04e55F49eC163DC7BED1Aaf5f400A52C56F63,27864477314877640566336
0xA5493656B559ac046a302e8eFa7C64D5AD4C9302,27864477314877640566336
0xA7d2550Cc823721edc6641Da8cde8DD7AD369523,27864477314877640566336
0xa80191Fca50BE00f8952c69232c93D57eeaCaf6f,27864477314877640566336
0xa80383f17A92B110921C07Fb5261798f3A99377f,27864477314877640566336
0xA92BE7F728Ef585851212b1cEB318B8A2fBacc96,27864477314877640566336
0xA9382aF281D4811FdEED802199d0E45E0A915b93,27864477314877640566336
0xAA900631B9ef6E814A9A338C20A842aB35512d7b,27864477314877640566336
0xaC7916f699c0Cf1765315A4A603Fc56260164e5F,27864477314877640566336
0xad34dC8B72564eA96a3fD72772d146a8D1787A87,27864477314877640566336
0xAF233027bbcd947c4FF0FD14e6200e31f06F0864,27864477314877640566336
0xaF297deC752c909092A117A932A8cA4AaaFF9795,27864477314877640566336
0xB0a1Be32dF8C8248a54389af5D5528C38d92D5be,27864477314877640566336
0xB295faacfE9D72cE8Bd57b8771Bad5Cd031647dC,27864477314877640566336
0xb3F3658bF332ba6c9c0Cc5bc1201cABA7ada819B,27864477314877640566336
0xB71CD2a879c8D887eA8d75155ff51116178641C0,27864477314877640566336
0xB825c207600aDfD3fB23fEcE0b90AEFD4A017Fa8,27864477314877640566336
0xB9E025a1363373e48Da72f7E4f6eb7CdDF2F6501,27864477314877640566336
0xbA00D84Ddbc8cAe67C5800a52496E47A8CaFcd27,27864477314877640566336
0xBA8d1b2460cCd7B39C6ed92E4700a237bF9A5081,27864477314877640566336
0xBc79855178842FDBA0c353494895DEEf509E26bB,27864477314877640566336
0xBD4A38E90710Ec7Beb292923F4A1b4b1d0131b67,27864477314877640566336
0xBD4C616fAfb31bcf3dE34675Eb497803E5776EE6,27864477314877640566336
0xbD67Ea50825eaE3099F046ce4347b2b2C1c45508,27864477314877640566336
0xBefE4f86F189C1c817446B71EB6aC90e3cb68E60,27864477314877640566336
0xC0810E5f17915dFe97b57947A3d84094572689ac,27864477314877640566336
0xC082Cb0df2c0E97eCB8B72302Eaf9776223Fc707,27864477314877640566336
0xC0d912aCA53C4e1B63c25f174B2DB899EfF8930B,27864477314877640566336
0xC0FFEE22F360792a89dB39f159F103dAAFe9C57D,27864477314877640566336
0xC12A39668ed7257410A598CB8FB6E9bCDF594620,27864477314877640566336
0xC1854475bAc345bE0bDa25e2bfa3711fe5F3A3C6,27864477314877640566336
0xC3598d91844B061195136600AD243b077Cc164e2,27864477314877640566336
0xC4afd03d4Dd29eEfb9F45751C718F0827fA4cAe7,27864477314877640566336
0xc5ed2333f8a2C351fCA35E5EBAdb2A82F5d254C3,27864477314877640566336
0xc5F2eD9B57B06868a316Be9906410cef9030a0C1,27864477314877640566336
0xC6093Fd9cc143F9f058938868b2df2daF9A91d28,27864477314877640566336
0xc6D69409260919E8517BB9c59A71A818346d5875,27864477314877640566336
0xC7370217E83418D12ADFa3A9231892b0eAeAc410,27864477314877640566336
0xC7463a4ac3eD8a87A3e8797F5817C0e412A8dA37,27864477314877640566336
0xC7c022BD85529bEd1b92DE4Ba847F3f4e8fd5CbF,27864477314877640566336
0xc84C19Bbf07d0CB7CC430fC3C51173c4ACD5dD9D,27864477314877640566336
0xcA968044EffFf14Bee263CA6Af3b9823f1968f37,27864477314877640566336
0xccF6C29D87eb2c0bAFEde74f5dF35f84541F4549,27864477314877640566336
0xcD5476a00B3BbB7683c5148f9Ff77E52D14598b0,27864477314877640566336
0xceFBED655Dec0c7e184B6Ef8A613328AdAC841F0,27864477314877640566336
0xcFbf780EAB68d7685b4D75F799E861051507947B,27864477314877640566336
0xD18001F022154654149ed45888C9c29Def6d3CE6,27864477314877640566336
0xD1B1c76B924573d86D7765142557093337D9fBD7,27864477314877640566336
0xd1e9Bb87A67a63221C7a4eb9E4e1ab66422FcDDe,27864477314877640566336
0xD2440eb0c532a927292a3796c532bAD01c973ab0,27864477314877640566336
0xD2787C129B34e673868Fe2eb216cAd705BA73837,27864477314877640566336
0xD27B81df17b37c2e8c92c21e238d13BBf66842bB,27864477314877640566336
0xd2B912af3314352a11606Ac669E745f2FE736a07,27864477314877640566336
0xD331791bE03E628Aff927D66bb52c04Ec66afd65,27864477314877640566336
0xD4B23B54314F2E038D089D6Fa6e7614415927DBC,27864477314877640566336
0xd4Ef10E2E7C4dd84a5E6a7aeF154F13aB6D771dF,27864477314877640566336
0xd56EE5Ba5A52e15f309108BDd6247C69B4F624C2,27864477314877640566336
0xD5d5A7CB1807364CDE0BAd51D0a7D758943aB114,27864477314877640566336
0xD689F80260F99Edd5b2bBe872279156a1f3D8E6E,27864477314877640566336
0xd6D7Ea4833f22edBED3DbD3d71Adf3cdD8E36a01,27864477314877640566336
0xD7078D619C99799E68E0b44119D6DA1C0367E43a,27864477314877640566336
0xD71AA680c0855A85a29E9C8B5C76c9d88f9adDcD,27864477314877640566336
0xD77A8Cde26AfB5b711F0E25C23a48562d5259bF3,27864477314877640566336
0xD77B3262aF4Cd6b2055E2dF40348A90079113228,27864477314877640566336
0xd8480758270D670E401fDAc86925cfC225a9dfe0,27864477314877640566336
0xD97eEb8B7f164CBbe9CB45C83C98D4E0BF502A4F,27864477314877640566336
0xDa60EEB5cCf8a088307a7CD829D808F9Ce8E0f4E,27864477314877640566336
0xDAAe26e391e414C2693798918483283eA9514d3F,27864477314877640566336
0xDAfBED6Fc9A5783983994Aa7748ff79729caf1E9,27864477314877640566336
0xDb8FeDAB0fDAD50d4Fa79096F6217185e4157B76,27864477314877640566336
0xdb9859fE30BDcf020798615f2227860660e6CdF3,27864477314877640566336
0xdc6beCC975B73e5F777C17a3F1f337d0fE2c1aaC,27864477314877640566336
0xdCB7e8f1B586c94dDE9b430557E4Df6727779ACA,27864477314877640566336
0xded5D8C6B271a48F3b9ba20E8aa761a6BaA2fAc9,27864477314877640566336
0xdF2583eaef0Ed1992e503f06E37392Dc2E344F20,27864477314877640566336
0xE016B7eedfBDfC2E45972236Cac7F5230F959677,27864477314877640566336
0xe0842049837F79732d688d0d080aCee30b93578B,27864477314877640566336
0xe1E2a52a21226ba37f28ba6Cdf59F20156798F94,27864477314877640566336
0xE2dE1e6445542cBE948D8F0E6C006E120AE93d9A,27864477314877640566336
0xe30ED74c6633a1B0D34a71c50889f9F0fDb7D68A,27864477314877640566336
0xe39Cb745e8Db0Da1Be665ADB2eAb58f4FD600927,27864477314877640566336
0xe63A13Eedd01B624958AcFe32145298788a7a7BA,27864477314877640566336
0xe7449d1590d8F91bF9d79F845627EA3bEC840483,27864477314877640566336
0xE7f77dd3bB24D1FB861DdDD25C7E7DecE642d043,27864477314877640566336
0xE91483295106C562E6F562aae2Ec3d9BA42A7f71,27864477314877640566336
0xe9C62867856baF9535283C162d36383bb90A2162,27864477314877640566336
0xeA75E6B2A783866BAfC906De0E2F80dd40e55845,27864477314877640566336
0xEB1bCB9DFFB7839df1627f4b66E58904A228856D,27864477314877640566336
0xEC0FB0CE16BDfE9A464f5AE9D8C14051725Fa7a2,27864477314877640566336
0xee1F07F88934C2811E3DcAbdf438d975C3d62cd3,27864477314877640566336
0xeF75AFc1a54297ddB60dA098D738daD6609f488E,27864477314877640566336
0xf0fC1DF8Adc7C6f899514b2609785d6afeb9BCf0,27864477314877640566336
0xF13cFB041A1131EbE76d5284f90f5c2B8844eFD3,27864477314877640566336
0xF1F9f3c960a2375e4bA50B6462c45f5c13109588,27864477314877640566336
0xF3b9Aa5ea21d810192c2cB29197963Df152836b3,27864477314877640566336
0xF40B3d16AE26262db9B19e0Ec80d8a490c40Bdcb,27864477314877640566336
0xF43316162D4594d2F927A25aB75CfCac676D3E85,27864477314877640566336
0xF4EFE4B05c1e8EE7bbCF823601F54dbe187652B5,27864477314877640566336
0xf6092c8AF9F00a7d611F0A437997A98e28215C3b,27864477314877640566336
0xf61Be624138D9A6f6317123a1d3b5dBA5f5a3De5,27864477314877640566336
0xF6f6d531ed0f7fa18cae2C73b21aa853c765c4d8,27864477314877640566336
0xF71D161FdC3895F21612D79f15Aa819b7A3d296a,27864477314877640566336
0xf9d34Fc0943E128f396291C08AeD8E51922B4522,27864477314877640566336
0xFA473677F0bb7309757d91f13eA12324d6fC1212,27864477314877640566336
0xFB505Aa37508B641CE4D8f066867Db3B3F66185D,27864477314877640566336
0xfBD696752DcfB22e04328Aaf7B28aA49e72fD4A8,27864477314877640566336
0xfE00888ff72E11B00437A13FF96965b44cBF7D47,27864477314877640566336
0xfE81BA0b86aDAB9134840C8cB301D27DF3685E20,27864477314877640566336
0x63d6287D5b853cCfedbA1247fBEb9a40512F709A,27792609907367062122431
0xB09d6CaF0B7D8d00b21ceB362084292cC36f76Da,27749852288902464757075
0x1FF3592ea94057450F746849402f11b7FD56109B,27271080022350176908247
0xf7882303A8651173a7929BB22b7Ac67174164D0c,26398003638063099186826
0x7CE490534D78F1Ee54b20F7D03A99d5e3162e02B,24543370187583142131170
0x372140e9705d6b6F1cf76C28D103637b01E804D9,24408283360414658291436
0x334F12AfB7D8740868bE04719639616533075234,24088250928079481723482
0x1b5b7b514771beEc3c83Add7E0165166dBc77320,24062166834798017596124
0xfD232fF2e8325cCFF8224F8ce53C5AF017135f76,23543294200387243268751
0x30D9Ebb167706d074B0A41F4c26f69467Cc88036,23432841451966943778931
0xce3696f3B57Db19e5EbE014aA2d5636E87f9f22D,22841991426984252133393
0x31191280ce6E59287390E424Cb75Bd2211Dc396b,22829508714697004498871
0xE130A2a0Da9295Ef24D2E01c05927AB77AC6c49F,22743961054398565615963
0x34676cE24F37E1421A429481FEBe0bAcB2bC12f7,22556021547055975624653
0x617DaC09D59CC73fE9206bb139b3493ea3920766,22490745034504608793810
0xdfc89DA99EeD3f98f0909d0ea5C8aC9b22b1Cf64,22106756537458196160969
0x4dEBDD6CEe25b2F931D2FE265D70e1a533B02453,22028233894885731634306
0x8Da9B7eDdAd06D3265a3D5e95850c21C0a96F2d3,21883442641430431174021
0x0bF7745354CA3738CfaA89d35F53B57abF4C58ed,21865167025904935391226
0x6feED810A75d4eaAd5400d07CE1489065Ac733E7,21661308271141666910455
0x2957321C605D34B5e2907d8cf42bFC573077eB66,21592117636851770191613
0x455E7Ca9237AF144c107b96381aF127035c24946,20870063366747392421523
0x5247bf8D8962F8c9dbCAc5cBCE13Ad981DE676b3,20673956201483065670352
0x0D142CCDD22D4902b6F94Cdb1b23693cDcB2f796,20629617688379670654131
0xA4ecD5516DeA5E3DBe53e34C47Ab9EDa5B575d29,20611704902211475347513
0x612640b523072288aD8C2c8A5b9aF583Af34bC27,20276187553391117559244
0x7f907486718882A496cC1C068490B09556C65d21,20157044786998075221892
0x71A72Fec773676B153e21EBD0cf33daC2C8D2Ff6,19698435285513036938441
0x054Cf498C73BcfF0cfb94a0fCfb10356E30f71cB,19222735259555027876032
0x8ffD385793ae62b159ee698ca1b599dADB99C29a,18948013831441854838662
0xbD34F33AE8B24af2476540f6952621302f8C5FF9,18941807160915860047903
0xdC7Aa225964267c7E0EfB35f4931426209E90312,18855693847733442777828
0xFeBCb4ac54d2e909fe644eea9564E1D85471da3D,18705044825121314303642
0x92852C5edF3Beea05a749e4f357428Fa12369fFe,18635773521678523873565
0x8bd4497b55D4C2f5fDE23630Bfe6248a7a9851B6,18620015528680949848834
0x50C8F0Ab4e2a1AeB34eBbaD261F6AF28995aD3C6,18601529556861237046827
0x3Fb9Be23c30f9a2B024B493654aA9c832D098383,18345301893139455041113
0x3fAcA60011c2a73D6403f019Ef25d6bcaF44dc35,18071018198065125700531
0x22e81335f9D4A609DF42f56ba5B583f565995296,17928300977373811969872
0x81aA6141923Ea42fCAa763d9857418224d9b025a,17900841349492290806320
0xBFEfB79c36ad89a9B7F30bd7dEE7c1Ae9f28fF9A,17860090873922725966435
0x2d9796333D7A9007FAa67006437b4c16EF8276E6,17603379436781410553087
0xeFF83fDa3aEeC0E775A03F42bb0AF8972136B406,17531881175369758854356
0xF2B8C142Edcf2f3Cc22665cCE863a7C9A3E9F156,17501612253390778821553
0xBf15bd159aE5B410c4B7d4AE0230Fb81F2f21cF1,17435622425005495696154
0x1B3d794bbEECD9240F46dBb3b79F4f71a972e00A,17406389674440442516292
0x24d734a75166e66000C8d7f12A173e41358e3cc1,17383667942895071552519
0xaF48B654732918d9F5Ecf4a77b8b156a77bd73b1,17375848724136079884100
0x54E5e90a6679314E8339BB1ED74BeAb5cA19324A,17359671465307265457737
0x956a64f1028DE63B3984637dDD10aE96662B3aCd,17254704665549835991684
0xE7FA9834bAA530dAec6266B54D15c4d48cc472E2,17252252155517710378094
0x5c232bf3286A011FEcB513658748d5E34419AAB3,17213739056359969678381
0xE18e779AE480092698c390e849C3ff48088047a1,17146765835727576654799
0xcaf317CDDF594659020eE8B85adB657C7dDC90F3,17096679726286680055788
0xc6C8AeCb1d9cA59A09d691cDa8539992655dbfB3,17093539428332654454065
0xF2C16ae7887450CE0018CDbAd26cfDbab183Ffee,17093539428332654454065
0x17307bE3589a680452543DDe06d42A07EE3FA080,17086612566406626483030
0xE0c2B5E8d62d0afA5B86DD7020c2f0C51b567b30,17076859198711093301621
0xB8Adfee40e1DEfBB8314d3FeC3C622Be2F624901,17068451955070440432957
0xA2d76c09b86Cf904f75672df51f859A876A88429,16991592360776376696269
0x80D762e5A4dc2Bc237f594A7F696B5E216067036,16953648111998579133016
0xE3E39161d35E9A81edEc667a5387bfAE85752854,16941755475086619915779
0x02FBADF4F6587885c7Db75c65d13cF5FeD2d246E,16904213390492414856564
0x2cf7A9fB318182a8C793A5c7658d0D375C80683A,16880633798752965651127
0x4Fa76de7e9693973CC1c93eFe97e9F63265164f4,16880633798752965651127
0x58db2c93E54119072324a08cb323260ed8e743CC,16880633798752965651127
0x7D551B4Aa5938d18be5C5e9FdE7fECE9566611ba,16880633798752965651127
0x996131EEd1fc6f83F8245602c8D171227311ceAf,16880633798752965651127
0x999EcCEa3C4f9219B1B1B42b4830e62c26004B40,16880633798752965651127
0xa5fff747A124600c386cC32E2A5942f7cdD4A940,16880633798752965651127
0xBEa645Da9c7f6De1f7E287759CcBFd5ab9f57C08,16880633798752965651127
0xc079b203A1c4d7087B6Bd0D2aEEE48C0945CEB30,16880633798752965651127
0xD2309988B1a3c77609bC163f98180BA7100A09C4,16880633798752965651127
0xf27C504C6094fF413cCe631390e2AD1160eD58C9,16880633798752965651127
0xbDDEb8b18EF1f4017951Cbe9D8682Af40b8CdCB0,16827407391358043450392
0x54fe014a1fB506fF3A00D863E6522f24E6EDbA47,16815361140287752788619
0x80F59C1D46EFC1Bb18F0AaEc132b77266f00Be9a,16814623504662846550413
0x03118e02cE007a0F0d1C9D806c2a7D5Ae2F26995,16774180983963121249658
0x051339Fa69fDa07990d8978805Bc3CcB677218E4,16774180983963121249658
0x1661f93c7c92dA36B6A9A91077b47556e36679ef,16774180983963121249658
0x1A50a6238eb67285cCD4DF17f75CCe430BAAE2A4,16774180983963121249658
0x1aC28D13ABC818A75B8CF35bb25D31F7D31F26d3,16774180983963121249658
0x1DC5EeFE2D20d1aB0dB794a4236df147C0f60921,16774180983963121249658
0x26F157DD9e3aD2A68D94f6225D6a8d1CAD4a850D,16774180983963121249658
0x2a8600bBDAab254A2F8A8E00912799295C3DD601,16774180983963121249658
0x39183cd265F50Af7533eC058A4c807CA9bB6D10a,16774180983963121249658
0x3991ADBDf461D6817734555efDC8ef056fEfBF21,16774180983963121249658
0x42b23bB838525D458F2B8109219eF45d229067B7,16774180983963121249658
0x4BB7FAFC281eb8e42D80c884dE46F154c9C622cE,16774180983963121249658
0x532f8F190238f31A2e754D4A8355650Aa258caCe,16774180983963121249658
0x69a263804BC8Ea966095eA21aea58b9eA6Bf52A7,16774180983963121249658
0x69E1c391e6fa8dF94E585B5C5970A1eA51E15db8,16774180983963121249658
0x7d69e6ac20E3B43248F600B71dD23e4f9A0b10Ed,16774180983963121249658
0x824C14537Bc5Ca0903Ce68a368ce37DD9741af25,16774180983963121249658
0x82a8439BA037f88bC73c4CCF55292e158A67f125,16774180983963121249658
0x86BE7c25942C83584F257629048A89cEf316f0BF,16774180983963121249658
0x86E258e2910132a0B5aA7C0352195D083Eae4B88,16774180983963121249658
0x87245c288fcC858BF7225Dc3Ab97D0aD94730757,16774180983963121249658
0x98B38e7A5700E8805DC60F5B3518b3462C324e6f,16774180983963121249658
0x9c22d83FB0315263566740d018f08e8c075FC927,16774180983963121249658
0xA009AD87cC7ddc877Fc168C8869CF6f8C4c71539,16774180983963121249658
0xad286cF287b91719eE85d3ba5cF3DA483D631Dba,16774180983963121249658
0xaF616dABa40f81b75aF5373294d4dBE29DD0E0f6,16774180983963121249658
0xB3315cb457c57b3d35C5ac7dF068C20365def361,16774180983963121249658
0xb3F09f6D5D1d22579383e56123B7C360F343e255,16774180983963121249658
0xbcB0dADeEB62f0A814b9fe2425e1315398eB66E6,16774180983963121249658
0xC35aB820C9acefAdFD96B4f4eA03a97C70a2D2AC,16774180983963121249658
0xc42193d87DD67c3639ED1cEF53c409c37775F7C4,16774180983963121249658
0xCa398e17D838F26A7e39eFC31d67FAe20118272b,16774180983963121249658
0xCfCdCdE4D1c654eD980B4B3f6ff782194b3Aa666,16774180983963121249658
0xd206f2ed6C998E317268aFDC8415988A2bC7Db0a,16774180983963121249658
0xD3b99FA82F4FedE2D68C88Ac3E63F919118985f2,16774180983963121249658
0xDA07Dc4ff3fE332Fd16CA49Ef160A74a3d427482,16774180983963121249658
0xdd923fF5961796b3005eE0d964d154AD08BD3695,16774180983963121249658
0xddA35a6b42d74146B3D93C3718666a774a0faFD3,16774180983963121249658
0xe35C3D08163da9Bd4efA00879A78504d69820b5c,16774180983963121249658
0xeD78AFD8ACbA4B56703c4C0ac6CDFA6b7433C1AA,16774180983963121249658
0xfB71f273284e52e6191B061052C298f10c2A6817,16774180983963121249658
0xa073Bd06DC19466F5122864a80FAFf5D7Af9123a,16745890294994769844686
0x76602fAe6CCB0eC482F95a5F3e2BC3d92c54f4ec,16737970150111975506668
0xE31178580771098eaa7F0f4d349a3573360ff098,16648975142391102994012
0x3de51076B07cA102ABF377a0718Fb377669C9be0,16604794176584970486288
0x23Fc556E09d1B6e31c791eB11eaD7FcEb4582520,16583484595803631134771
0xB4B04564f56f4795EA4e14d566aF78dA54a99980,16556902547288535651073
0x9BBC502058450392Fb6A40F6A82bCfE450a389CF,16451806519561322773613
0x6395ccA02C1AC2a2452DB07D7dccF760Bff05510,16396274601968289873000
0x2E5300eAbf71950b00DDD6a59690cfD8852AD3B9,16371051601219890735006
0xf558212Da3053dB61BCBD4CCDB294E2B5Fe4bDFf,16258885236278496746447
0xe3534F90E367F5bd62AF306d9F36804a82ba6cAc,16208123041627692202080
0x1a8d1c090903bD6492372b890d68AAf50c96137f,16169510786523266904555
0xA8DDef62043eB859801e5C2E65899032845Bad91,16169510786523266904555
0xA9781c55c4257675A72A53525F1c960D2FB41a7d,16169510786523266904555
0xde2509cdd45E276bAD2af5E2Bbb40A4aFa0274f8,16169510786523266904555
0xdfeb9c25186aADF1487979bE7DA312f95Fd55275,16169510786523266904555
0x4D49A0d59711abF2D2d870F9dC88905239B0010C,16136899226793064109158
0xc01D5C4C8f1Deb6B5Ed5eE63cd6E37f581baabaE,16133623908716641524357
0x742c43952a9f5822446F9280F8F942765bEAb888,16127078676268479980240
0x7Bb839176bfe8eC9aAaA7C58656De9F0Fc049841,16116799970111331813582
0x6d04B3f82a0B42A09F355fEA3bCCCE3C819Ad5B5,16094369306517323104530
0xfA9E221a7aF006531a816E98792a3E4B22A01461,16086223913804448967593
0xb38715858d1087f5FbA4579d674d7D73B448376C,16082237687829132640109
0x1e121993b4A8bC79D18A4C409dB84c100FFf25F5,16066068090618421654579
0x1FE849EE30830FAC8e72575aC0d6097773E3958B,16029011280434210439375
0x4F00a16d909E3C9DF5b5e7be30b2aF0b0E67C5a3,16029011280434210439375
0xE5BC0291f77A4FC56f96cF3fd6494FFB1cBf2014,16029011280434210439375
0xe89F71e91DafEC474aE97b8BAA53029B30a5E9ec,16029011280434210439375
0xFDeF5eB0534b8e8Cb604154c4d8392Ef9BEa725F,16029011280434210439375
0x6Ff60E1CF749aE639fBE124dDbC2178c4C988203,15975784873039288238640
0xe67e43b831A541c5Fa40DE52aB0aFbE311514E64,15975784873039288238640
0xA55E8f346a2E48045F0418AAe297aae166F614ce,15956270068407460382688
0x71EAb2760e640775De36Eed89983741Ae83806C8,15945727375969481603954
0x00000000005eF87F8cA7014309eCe7260BbcDAEB,15922558465644366037906
0x000B79f52356189C80a9d3AdA3911D4438218516,15922558465644366037906
0x005963b334F88FAEFeB9da02AE188d35AED833eD,15922558465644366037906
0x019f4aD7eA31cfa55625094298EE34966d334C7f,15922558465644366037906
0x05227e4FA98a6415ef1927E902dc781AA7eD518a,15922558465644366037906
0x05E70979fd3355133f91FC7C6597A8274169b3bE,15922558465644366037906
0x06aC656f3A58fBD2705188Be397C15e86F6AEea6,15922558465644366037906
0x07930c93DCd3425b9ebD67765e28a0bbdb0D5893,15922558465644366037906
0x07cc65Ec4de72Fdf7d2B6C39Fd80c4EA4706215B,15922558465644366037906
0x09Fc1031D03A78eD4f60463FA9749870d33439BC,15922558465644366037906
0x0BA5cd3dF6CF8acA96a81FcDdB128f3cCFc96601,15922558465644366037906
0x0CE1D4fBbD736Cd3EEeB380B36Ee47AB31DA2D5e,15922558465644366037906
0x0Cec743b8CE4Ef8802cAc0e5df18a180ed8402A7,15922558465644366037906
0x0d81fAC7A231CDcF103b507890Db3Aa6266699b2,15922558465644366037906
0x0F9B589fD715bbE0Fb2ECD64b88549e5200CA1df,15922558465644366037906
0x1016DC63C665ED1389Dc2c98B32A2Fd48cA4f254,15922558465644366037906
0x10E7D26a02BD124250eA00c41dcd16Fc791CcD78,15922558465644366037906
0x10eaACA8E8B5Cf1eD0949e060790C62D6F8f39b8,15922558465644366037906
0x1356Fc911032aE6EFa4905177cfFF028ae063ad7,15922558465644366037906
0x13AB5e30deAc9CFF34be7cad126f8b464A8b7450,15922558465644366037906
0x1611CAD092c8744Ce2361a64273eC1CC049E825c,15922558465644366037906
0x17B618152bD6689b0DD371092832210ba37c1DAf,15922558465644366037906
0x185196C8C5Dd5729f22315203E09E33c3f7D7680,15922558465644366037906
0x1a62c9d1746De9fd9D449E80DDBb8a67D2A72A94,15922558465644366037906
0x1aCE7abBe68210A9fBE1c6C30019781F3E2EAf86,15922558465644366037906
0x1CD12C44Be31BDbe605db22328200c966b65C8EE,15922558465644366037906
0x1d8588C47ac90DD985d8Ab98e07bb1a25Ae50022,15922558465644366037906
0x1D99aBFe9E12b9247F200Bb517098e8049997E86,15922558465644366037906
0x1e1300EEAf333c572E4FC0133614291fa9d0df8B,15922558465644366037906
0x1e7F8de390B95F960d71fBfc42f3D91021Fff7aD,15922558465644366037906
0x1eF1d3dE9746d20e2fDc6039B243392Fbef73A34,15922558465644366037906
0x2110A51A699d6ab218cA97A71cFda4a9c23df1C6,15922558465644366037906
0x213bF21717AEE5615aa9fB8837c6Ddc955cf724B,15922558465644366037906
0x22b98bD46A95BA46a7D53845B3Ff252C15b5870F,15922558465644366037906
0x241514E4bbacf47D89Acfe31E849ddD19d35d00a,15922558465644366037906
0x2452Fa97117efaF917Df9807f0FEc48315D1f5A6,15922558465644366037906
0x25c095E9F0f095857a191D223D9057408BD82149,15922558465644366037906
0x26E94597E6D56C5c3ed0De6f0bcA4a5B30AEf3bb,15922558465644366037906
0x273BA31C706b9D9FdAe1FD999183Bfa865895bE9,15922558465644366037906
0x276a05a2eD4637CBd1fd4994f6bD0539e4E7031D,15922558465644366037906
0x28e047FC143cF3E14D1Da77B97ee042E9194Fd19,15922558465644366037906
0x292E43a48E7cAB5d0c770cE3B5470Bd605234de9,15922558465644366037906
0x29FeE42319a41775679a244C4804784eB133e79D,15922558465644366037906
0x2Bb152D4860FfdAbf43e0E0595905F91Bd1D65c5,15922558465644366037906
0x2C42658eEd544aa0Eda1530f0b2e1D01DD672461,15922558465644366037906
0x30da3d7A865C934b389c919c737510054111AB3A,15922558465644366037906
0x332EEe84fa350DEc0F6A11B014Ad0A210c4AcBc3,15922558465644366037906
0x3506Bf74E94c49b907f0F2DF896d5d669F7bC146,15922558465644366037906
0x35bb154476fC247C00a6Bf52c24f29C33DC34508,15922558465644366037906
0x36e0eDc88cD1902F189aC922a4401CF4F389A110,15922558465644366037906
0x376eFb74fC46d69Ebf742704536aA7049C3709Ee,15922558465644366037906
0x37AfA5b7Aaa1C8Be50F88ae21F69dCf0A15915c7,15922558465644366037906
0x382B77769AEC1B57B812f31411a53ee2C20D5945,15922558465644366037906
0x39DE56518e136d472Ef9645e7D6E1F7c6C8Ed37b,15922558465644366037906
0x3aEaCb8c72350Af1d9B3909f433790a19E79269F,15922558465644366037906
0x3c92fDACE3779D4241A1990b218cE8223779a090,15922558465644366037906
0x3Ec6732676dB7996c1b34E64b0503F941025Cb63,15922558465644366037906
0x3f3750d0b84727f40Ee824C70D4Bb8c2DA3149fE,15922558465644366037906
0x3F3B9B0F14DEF5817a61437CCB25CcBBD4853fFD,15922558465644366037906
0x420644a9fffff340A806dB8166bd1e5ce6402a95,15922558465644366037906
0x43f9C662D7b2e967AF5b8b8fC53f22ee3172C492,15922558465644366037906
0x4472e37170B12c9Ab7aa1aF0903E8C392aad4CbB,15922558465644366037906
0x46BC86527C2034B9F46Db0cc2d4f76e33dF50C95,15922558465644366037906
0x4735F8576B62921E06253e87cA0ae0201D5B11E3,15922558465644366037906
0x4740Fa6b32C5b41EBbF631fE1aF41e6Fff6e2388,15922558465644366037906
0x4A95a1Bd27bD98b4880A4AB38046bBa479298065,15922558465644366037906
0x4bab1E387a60A3520A770D1c68b6728F8019A553,15922558465644366037906
0x4bb850DA72ACf7aF89daFcc701eB1F56e4Fd742d,15922558465644366037906
0x4C218a355056375B58EA3CB2EA3352dFFA680890,15922558465644366037906
0x4CA6b786B406E9CD072ACDacAD96C707691FE795,15922558465644366037906
0x4df6c3B029fc1D991a10ADC5b44037141a257ad1,15922558465644366037906
0x4E3F9fe856CF1d909cA2521B18EC5AE310D514a7,15922558465644366037906
0x4Fe56c2713883A96a1F42C2Bf5c596B43F142bbc,15922558465644366037906
0x512fce9B07Ce64590849115EE6B32fd40eC0f5F3,15922558465644366037906
0x550ee3029B0D4fe3Ba07dE8C91da4e9966C8a633,15922558465644366037906
0x5629E4cC9a15037cd42558f4D5A2c58ca9B2338C,15922558465644366037906
0x56581d0Fa0D2C42Ead20fdcAd2ef8AeB8171cD8e,15922558465644366037906
0x5789527ec57ff76286E42673e7b97E692b13F6d0,15922558465644366037906
0x5Cb68FE693A6038C9e6bd662443ed936fE2a86df,15922558465644366037906
0x5DF3B5E9D4c9d447D115D59e7111B809eaB0ED46,15922558465644366037906
0x5Ec869c1Cb378bb77Bc55BB56129399f6828c8C5,15922558465644366037906
0x603E63250b1E5055996aD18cC154021320C888d3,15922558465644366037906
0x616F29b6A5b05b76eb04347cd30ed10aBE9D5eC2,15922558465644366037906
0x621091D1c013e57A37767521BD87208d497b09B6,15922558465644366037906
0x625d6E3F15c8C42a04D342d18937c6167f71e521,15922558465644366037906
0x63748140C409b490952c37daE5a60715Bf915129,15922558465644366037906
0x65Ba4f92D7DFA813DdBd849D9Faf38a723Dd9b12,15922558465644366037906
0x6629672ac0A59A3e1f3101c34D5870628E461f5c,15922558465644366037906
0x66d4908E053F7150038b1bF3579cF384fde0BA72,15922558465644366037906
0x67448531d403A2F24628163a844Ac97F0037AA73,15922558465644366037906
0x69A9E74A795173e2bbb8C70113048EDB234bbC40,15922558465644366037906
0x69bAb6810fa99475854bca0A3DD72aE6a0728ECE,15922558465644366037906
0x69fe6Ae6744006650aabB509087ff75666B15c24,15922558465644366037906
0x6B2Dd9587357B1bD0e7540C48733960B3E873606,15922558465644366037906
0x6cb59c164029714358120F92d14A96e8cC318117,15922558465644366037906
0x6E50791A8Fb507c9daF34c302532C782d171ed98,15922558465644366037906
0x6e7107a18B4591dE60F362249A3B34F29eaA822d,15922558465644366037906
0x706cf4Cc963e13fF6aDD75d3475dA00A27C8a565,15922558465644366037906
0x70be7618f1348BF53925bF4d4A4f0E0314Df79bF,15922558465644366037906
0x70DdD33089a6C52fdc1723ab62933873f8838b58,15922558465644366037906
0x72cde6c4754b0cb8F3b636E90a749a5E59F21290,15922558465644366037906
0x7461f3b3d064138f1CB963F0D1322C6568C3C091,15922558465644366037906
0x777Bd6bdC17d8970A20CE5181f66C3e3333CC980,15922558465644366037906
0x785bC2484a15dC9a8B644024FC142E8BCa1289Ae,15922558465644366037906
0x7A88A91cCCf33773b5172d12Ad341B3575aC85e4,15922558465644366037906
0x7f92A19649d1c87492287c51f9CB3f52F3f0f449,15922558465644366037906
0x8176d7B793a73626880bc43dFd9a9F97d338cA88,15922558465644366037906
0x82645bc15fEE680963bFE321500d74A053c682ea,15922558465644366037906
0x828355119398B77D364F41EF6533DaD936d5B5C1,15922558465644366037906
0x82e4D78C6c62D461251fA5A1D4Deb9F0fE378E30,15922558465644366037906
0x83C80b3F1B15829a0179457593a431F05d7a5CD9,15922558465644366037906
0x8455a816aAc18e229f23cBA44Ea7f0198B2De7a3,15922558465644366037906
0x84B1Efe8d4f30292BADF3fb99F58a8b4bBD8673e,15922558465644366037906
0x8782EBe204d8447b1B4BeADe997A0B8c3628705D,15922558465644366037906
0x88b7a44CECD526cd2D424B0A4Cc2bbB26341Dd8f,15922558465644366037906
0x8915814e90022093099854BaBD3Ea9aC67D25565,15922558465644366037906
0x8Aa0B4FB0d0E1bB95959BaE95F81D71D1c6b6fF7,15922558465644366037906
0x8BCAc46d647a0202f9d66df93137B7e29CBB18ad,15922558465644366037906
0x8C31FF1F7822838711DFeF8c4a88731072d6965A,15922558465644366037906
0x8D819A4e694539A15399E10C3ee1DBaB065eFE43,15922558465644366037906
0x8e3A25B6ACD932943569475dB26eEfc4Aa95Ccde,15922558465644366037906
0x8F40dCD6BA523561A8a497001896330965520fa4,15922558465644366037906
0x908bdb4EE673E526B553357551fcda55C659d132,15922558465644366037906
0x93C9Cf100f370764C168471023fe57c5e20B8B37,15922558465644366037906
0x949b82Dfc04558bC4D3CA033A1B194915a3A3bEE,15922558465644366037906
0x957Ee7a79Cead5337746a468ece63C23bEf8bd4f,15922558465644366037906
0x97eAAD7c28EA5D8a2A320c765Ec00bD789a52995,15922558465644366037906
0x97ED5A5059f5a89E958260f66DDa2F0B5B71509d,15922558465644366037906
0x9822C731b38009A05384fFd757c854f71CE751F9,15922558465644366037906
0x9834fB512ddf8A4cCb80d3762F2a95E6C8b22066,15922558465644366037906
0x995a09ed0b24Ee13FbfCFbe60cad2fB6281B479F,15922558465644366037906
0x9Ac5787EDf8257303E71A4E8c7642e7705c4f345,15922558465644366037906
0x9aCB661EBb18Fe9c9b4f7e4DC67E2bC797AcFfA6,15922558465644366037906
0x9ade31F7BAaBF784A94200aBCe297DF859eB3350,15922558465644366037906
0x9bB62677890D2bc093fA557d35bfA113788E70E1,15922558465644366037906
0x9C258268d067ed41C7E6e6042671CE416713FBDE,15922558465644366037906
0x9cA37091d362130eba3De6730e47613E5b00b0B4,15922558465644366037906
0x9d69B0fcbcf9a7e513E947Cd7ce2019904e2E764,15922558465644366037906
0x9deE28Dd9eedf63cf23C348547a4eCBF6CD627F5,15922558465644366037906
0x9E496dce48cE4F0B437d1671DF2A6b32028a2b22,15922558465644366037906
0x9f1C5712F5bbef2833eA694DB5e326bc3645fAce,15922558465644366037906
0xa06D6Bf68f17158cF488F049D6d502dc70369416,15922558465644366037906
0xA160ddd847200C5A0b86A2D4107dba56A6E3053b,15922558465644366037906
0xa1B3D08167497fba7E4Fc92C05642cd3aDAe0457,15922558465644366037906
0xa2E1D40A2a1aD326dA924e8711BF7Baa4689715D,15922558465644366037906
0xA391e2D6bE511DC8646c3471Bb32ecB436390915,15922558465644366037906
0xa595779eEc72897f025607fC42a79C020622234f,15922558465644366037906
0xa8F4D199A01b446bE88bBFD5fBb0C16b9e77cf46,15922558465644366037906
0xaA1672C469B57Ce49EAAd6e381715855CBB7cF57,15922558465644366037906
0xAA325f57f9c0b55d92F0d7053a0bF64fa019Bc1F,15922558465644366037906
0xAbEaA41fd6a7464b1203b24486526b0461a5ceA4,15922558465644366037906
0xaC9e6fA8Ad5214F365E99eE96227598eA1E4B20c,15922558465644366037906
0xAe1675F1d6A856afaC01936FeEBEA567aeDc0152,15922558465644366037906
0xb115a77344F46ACF8bD8B56b163913E84F13820C,15922558465644366037906
0xb2c464F8B6D11e3DF50A04291A7F01a8A8f20aDd,15922558465644366037906
0xb3DF5271b92e9fD2fed137253BB4611285923f16,15922558465644366037906
0xb5325fB430030BB888885D80Ea0ad2611b38Ef22,15922558465644366037906
0xB5ab290E152290B6BD5bdB04e23236D3F9d4AaEC,15922558465644366037906
0xb67620E8C9E19592b616942F895153e2dcF9CcB6,15922558465644366037906
0xB853cEb4D30eBFc30924DB42d90111d51662BB8a,15922558465644366037906
0xB94Fb3cC45c11B3e1dfFbc12490537a78306F1FE,15922558465644366037906
0xB957Fb5712774Ce73eb4cC8F7C2a177Bc729A9f5,15922558465644366037906
0xbA3C494F3b3937d1C8101ffBe1588023ad5Ea0A2,15922558465644366037906
0xba818e7F6b208F5A4f7Cf282A9248D221144E4e5,15922558465644366037906
0xbB5Ad3DEE7Ae5D840f025A7fDEc61857088F8BC1,15922558465644366037906
0xBBaF371d1F269603B9FF80A7ea06F86839cea59c,15922558465644366037906
0xbd2670D4253103eFD9272eAd153b0cE82182F3e5,15922558465644366037906
0xBdFC1bC3d50B2300392E26E5309b2D4a3405e036,15922558465644366037906
0xbe7019f8333b0B3Cfc707ac353Ebc2123140134c,15922558465644366037906
0xbf06f8D30E2Fad6d7D20af162C7865d8D0820799,15922558465644366037906
0xc031Ac97FAe8eAc6a2FDA4f16BCbea0389C03182,15922558465644366037906
0xC0385C781b2F35Ae0Ba54C2948f4C23aFa3bB954,15922558465644366037906
0xc0b5A532D19a1046fC904B8e2F61c3107BC8C176,15922558465644366037906
0xc10422D4cc6d4586fF37CD0ae8Aab47194e4546E,15922558465644366037906
0xC171DEAFB19be385c25FfF8A235Dd69b7f4B1DB2,15922558465644366037906
0xc766D73BE01Caa06834032bF5C8F8f0F41A7BF36,15922558465644366037906
0xC83630414d2D655268d1B94f0FD1D6F4c57C95e1,15922558465644366037906
0xC8Cec86F7c97139C803Fec48B5fd7341d8282B5e,15922558465644366037906
0xC9F7a981fF817d70F691cDbdCB43a418b2dBa59B,15922558465644366037906
0xcA436e14855323927d6e6264470DeD36455fC8bD,15922558465644366037906
0xca56D0cAb2fc7e7EB998Bd032c74E3FF049fc1b1,15922558465644366037906
0xca6aA0576c2ADc79d2c20e6D53c07f590f62932A,15922558465644366037906
0xCe3F17FF0f62bc9b2e27c64ed9b6838828aC73ba,15922558465644366037906
0xCe90504DcD213Fb252B5EAaBb8c2dAdf7Ef899A0,15922558465644366037906
0xCEBDe72F356062948C4C281a6eBF573318eFd4C1,15922558465644366037906
0xcfF7303b8E08403438c751bF21c04771252fA413,15922558465644366037906
0xd4A4E6d36D3EC7512D93B85093df2De33F1E4E39,15922558465644366037906
0xD4C9020B3a40c45259F2bF675914F72B1069caE8,15922558465644366037906
0xd50938c168cfa25d0C65e7E5B065439aDB0524D6,15922558465644366037906
0xD668191323dac8bDA3D11c13f3Dbd4479A3641F5,15922558465644366037906
0xD67173e0387D24b9E120f4386aB6AcA802A7334f,15922558465644366037906
0xd880507D359af862A5f8F318c8e934Ab478CA818,15922558465644366037906
0xD905DE91f928b20EA0cCf455e5bA07eB6373955C,15922558465644366037906
0xD95C8fe5f17122bE7133F4fd3d4f157e46fbBcb6,15922558465644366037906
0xDa1129be5271d7Fc5925aD60e3227f4b37b92Da3,15922558465644366037906
0xDa91aa72c417F3E5DFF1FCdfEceea6781c1a2af3,15922558465644366037906
0xDACD3aD9Fe68A29A4AE2B7a66599CEB784FAFaaD,15922558465644366037906
0xDB6Bdec5364a859D042ffAf2bAd69B90c1c54DFa,15922558465644366037906
0xdb76cDaEb5D5031D50A88d7fEE545508EE4216e4,15922558465644366037906
0xDC1fA1F6098577Dab8AaB34084D9f36bec894F58,15922558465644366037906
0xddc810fDD4dA42E5C9C6c58b18b7D45D4a108B5e,15922558465644366037906
0xddf9a07836caeE5BB79c6CD97CA6FAE94b8e6d56,15922558465644366037906
0xDeA4244507aF11544e020C3d5723DFe0b192689E,15922558465644366037906
0xDf268751C64f91Ef7FD10A31b655783e7b905934,15922558465644366037906
0xdF42181cdE9eCB156a5FdeF7561ADaB14937AA26,15922558465644366037906
0xdf67544b82971A823Ba1a3fA1D243A9eEa392eB0,15922558465644366037906
0xE0a0275975d678A37FcC3e2584d59d58378b0f10,15922558465644366037906
0xE2BF97AdEcabf5bbd9C184b287Cd0a0490c259Be,15922558465644366037906
0xe495d8c21Bb0C4ab9a627627A4016DF40C6Daa74,15922558465644366037906
0xE4Dfc4FCD39DB46c93edCa012443F18A3fc8d793,15922558465644366037906
0xE746a94b91dFb41b29cE72A890408a18B3D9F9E4,15922558465644366037906
0xe839B2E436782EC0F52724e72B68d1C70CbC8F35,15922558465644366037906
0xE874946c5876E5e6a9Fbc1e17DB759e06E3B3ffe,15922558465644366037906
0xE8ADbfEb2112b81f640df743B7919C3D68afc078,15922558465644366037906
0xe90B4aA6002E263031E9A05d50CE8709B9F92fa8,15922558465644366037906
0xeb423dcC9b346eE4dDd3A9273854d22599566a3f,15922558465644366037906
0xeb62eec22cCF13F60A9c3352eC507f00720b00E0,15922558465644366037906
0xeF6017611AA9591897bc5619Ac4Bc25C8f510F61,15922558465644366037906
0xf04A74425546AfA9b245F7A97047cc7996263C14,15922558465644366037906
0xf13F7bF69a5E57Ea3367222C65DD3380096d3FBF,15922558465644366037906
0xF226D04eFB1Ede7d6B4E24b5491865c44Ff60D44,15922558465644366037906
0xF261f5c851496428468D09DA63f15340a92aC8e6,15922558465644366037906
0xF364156A8df7064583a4a694B3332A4237c34B93,15922558465644366037906
0xf393fb8C4BbF7e37f583D0593AD1d1b2443E205c,15922558465644366037906
0xf3BB86E1C877b1d1a57F6Aa53d0eF73f68079A85,15922558465644366037906
0xF3D973356F2aABcF710FB3d43d0831D52810187a,15922558465644366037906
0xf4310CAf357b83e37304CC09F6c8087bD9C1df0c,15922558465644366037906
0xf462238Fa648c62B37f666f0EC6cdEeC09022Bd6,15922558465644366037906
0xF5307a74d1550739ef81c6488DC5C7a6a53e5Ac2,15922558465644366037906
0xf797834C7EC2078De5A5c086BBC5d5985b574ebF,15922558465644366037906
0xf8992A1f4e302460Bd49a1646Ee315D810235212,15922558465644366037906
0xfa77F1Bc913297A58De81F8e85Fb0573fa9DFF3E,15922558465644366037906
0xfB62DF8935504b3f1C2b13B10aA9d8eE67e34690,15922558465644366037906
0xFd1916343d7D2Ec8C8d8ee18055bD551137E1a0e,15922558465644366037906
0xFe202706E36F31aFBaf4b4543C2A8bBa4ddB2deE,15922558465644366037906
0xfF2Fed9Cb48196eC35fd97b290C583E7a63b17b7,15922558465644366037906
0xfF4F9B932488e8063bfCd98BC0E1170517358C26,15922558465644366037906
0xff69FD52928edbd4185fAa05cfe563714e671BE2,15922558465644366037906
0xB6B6b529f3d2D059F1c75F9657432F3551AF6247,15888818026809839921177
0x185f19B43d818E10a31BE68f445ef8EDCB8AFB83,15885281104728912603498
0x74398BcF45bA629cf59e9C74e6b139e5D299C66E,15755444986085251558775
0x3b8bD69B025cAB833E9761fb29241bB356b7dC6D,15503067749497731009817
0x4188A7dCa2757eBc7d9A5Bd39134A15b9f3c6402,15379983892650060512731
0x25B70c8050B7e327Ce62CfD80A0C60cCcf057Fa6,15196488808726928538755
0xb04a834AE6F1155A382181609A210995B9b0e6D8,15075204279430395692852
0xFBAcf517a8523a41C75C189FB9FCE7b536030e1A,15028242807855092528604
0x6eB4e59aB22ac614cf800D3CB6d086C19900e606,14925216401779093631040
0x296b13938002F96657ACA08F103BFdf208e0D94C,14908209992485064765360
0x6B18D2799C804251e307b9f80c130C637674eAC2,14751489375673689734178
0x5e46A8ecd4f4f0737ad7b7D243E767861885ed06,14667806564582380311502
0x0db90b2604F9BB2a99F731a1b174be4F888bb0F5,14587882596462646338341
0x156a4C4E0fa4F08Ad0CC1A2063c67690A3ce24b3,14395668746178292719877
0xc258F9eBDffec87Cd89819DeDdF824288FdCB9D6,14170744501993857603013
0x3c5Aac016EF2F178e8699D6208796A2D67557fe2,14135542490633158304157
0x446e502679A30C984061Cab5c34dC970055fC52b,13985403695278637501098
0xdbB28c659A243Cd81F21F494BfD70BA7f9932a97,13887381111319410821596
0x834f3a4D3543Af46DcbE2e4f72520095b673D483,13615661120155179041383
0x51FfD343D6fecab9E9c5640F0e6A67dEC31Bc76c,13548394861529343284578
0xb38e82204AFcFCb016B7BDd1B8892A1EFECd0090,13522873563354678952191
0x727334D71c7A70f8B611Cb32Da399048B4d27293,13402184284314348080130
0x11a416891C5d7a2066164a6edC3Bc3B478F47720,13253913766047743778553
0xA334d8A8fc7460E86f16cc430B6943780c9eE701,13200890228214536811623
0x02228784B938b4463dE83d66BBFcDe22682569D9,12971101567960268042635
0xFDAE0a43d0A26bEFB74Ad531b83F285E40b3ABAB,12885089748348356836474
0x5d58E6ab2290946750b57544A74491c20D08413a,12632430303471209516615
0x280A8675cF1d930c638F4f9Eb9dbe75823801D5a,12449929868333477371941
0x68A99f89E475a078645f4BAC491360aFe255Dff1,12425840475508400948531
0x7708B79e2bc3b7ab816E66aF33A8c9385f0FcA4b,12300455389833026719862
0xF502C72e1669dC3cFc0ceBE94faBf597F661868f,12291579434035637322098
0x8c9C16aCc7F2BC2C1293b4D19B4E3d9C64E83671,12154730465977382289198
0x01611E113B53B49536ca87962fDFE8F459E0C17c,12133880844968899804249
0xC1667a2424875570E5356f874b339821ECDa71a5,12077490118141419595357
0x82a1Dd7C8eEa3B7E32b3fB1C5cdfB157C21a436a,12077462141423608199469
0xFaC964684c3a72b0485e42a78EAc5f78428C4aF0,11940173121423274904832
0x6Cf0569bf06069e27fca1Ff3d6cb398116F0a097,11738524526181338129898
0x40C99E617930C2A7AB2E6AC0665E720529D37cf7,11667151563414344641714
0x270481Ae9A91336058DC84c5E5eEa63143184035,11653416953568526343322
0x07a77e42439F781379A07C67925602e089627E8a,11478904274712217793077
0x0948Fc93AB55ed215ce6dBAC653475F5714264E9,11415952528752069803265
0xF225502fa6d350AA136F101765C520D994FaE68D,11333230898149749256410
0x47D6F96Ba098816389DB7c87CBF077dE7181b853,11331018851567664768936
0x88a2F230C8C407E8fe10041900746A70Ef28d8ee,11319696567958623972800
0x5429376b877772e54c9e13f7ebbAD7f243a185b1,11307119252583784897006
0x0c5bFf2e8C9E8424c10102C45673ba5e1B2427E7,11284775822279092259580
0x84Ef9d47a2B1cbFC2F011F886287Ef44F08c80ab,11281677427507370978613
0xd7715b895765F32298E9179D1669b67cAED59aF4,11240650550479206451236
0x7822159ee394D14745Cde63a706F965fB73c7Ac8,11190428838799312286690
0xBB8fE75151603f3dE7B83FDEFC03724F001762bB,11183135738706296568424
0xCb7f013340e7042DC663a7c5F3E076934fF57BC2,11172672886645886362481
0x3Ee505bA316879d246a8fD2b3d7eE63b51B44FAB,11113632980126555751287
0xaDF100a2fD9b746448e58bc431aed12993B2dCE9,11104954596437545734987
0x25431341A5800759268a6aC1d3CD91C029D7d9CA,11092275588284050860294
0x9a9904e286E49E8cECbc876685447ceEfa73233C,11026848410590749750770
0x38e6d545FD01143fBCF563755E1ad6940a4de48D,11000772527154059291845
0x4a0dE283b1d52ACB5822EBc1F4370781175Cea20,10919454020160405608643
0x5c577f64f197BD6E47BDaAa52D84f12AbFDe260A,10911607309268106079016
0x48B72465FeD54964a9a0bb2FB95DBc89571604eC,10866885434895961262382
0x7Edd7ff9a888C0556764Eecb585213CEA0CA9Bc1,10866056669923164078000
0xc53351FC5762E6EAFB8DdAC98851D59C4Ea7B7d4,10827238538957829475729
0x822aDfc4b4F055a1182e771e1A742235268bBCF0,10826341040155670030254
0x19142E3Df9E34966C876024Dfb9d805f4EA4A131,10788239432777387117981
0x329c54289Ff5D6B7b7daE13592C6B1EDA1543eD4,10785474793149377575608
0x1DC47cb423713AFc6Cf23abe2F2C771817Ea5c0C,10701694022143377447738
0x2979C6B99D796b2D2F0BBC035D50dfaFC91Fc802,10645281478984440146904
0x39bAF3B65c23F6027e6f7F78c184765ccae5bad2,10606810628727477471843
0xB3160404ca9581784b3dec9e85bcd354397B8C72,10582413537053465850847
0x839ca53573516B8176Cb7B050F15498b78055632,10548465293071930953456
0x86719eAec8F65DE419917360DdA8ac8E2C6D79A4,10504156341986083176778
0x95F50Cf888dFeC90321dC376c1E695F15B081595,10490403154992348935673
0x449Fb3cD252e5AC7E794F1354C4Bbe4540A745dC,10486268594978996974164
0x19614a0fb274C316be49B4C827A65DE50aA2EcF0,10410322188260070003060
0xE5A3D77D7788A83f3549dD7F08Fc2aCed7E262d2,10392057063453090200451
0x366e58737164430AF4AEd2856840be9BB148BDC7,10314582096406833396883
0x4d2c2d058bfa5871AA6847cE56647f76CAA0D0BE,10284322154659172104370
0x262d23a2d916f6CF08e0235315aA51E22d142d0b,10270952581223678093335
0x489de754c5788fBAd483a9D96dB855cED51beB22,10256270162170500312350
0xaF7dAee76E04E01219714cA771ED31Aad4c1e5EF,10183740065035342365962
0x038Db6c62d0F072616e2B8dB7D3D7cFC829f7f65,10158461369968070672831
0x3e8468f66d30Fc99F745481d4B383f89861702C6,10062996312597116646780
0x56eB62E08FADBD1280fA57656C3Ea456864bD192,10058962102367449393948
0x922A59FD3de3c7Cc72962F8B6cB2E4cb16107F91,10057362505294466515094
0xcfc1Ae8149877C9401874b34c304782D9746CB3A,10056081669879883501574
0x308686553a1EAC2fE721Ac8B814De638975a276e,9843622352033881245250
0x31B70F7F894f1915A4349857d2A4b3171D536f6F,9386981958120797245938
0x011c10ceB29828202511b95d7b64B661721FBf65,9164032933867121156726
0x80D63b12aecF8aE5884cBF1d3536bb0C5f612CfC,9068965353467491402698
0x2b52CC3781a4428Ba54f570828d5292B41DEee43,8684795832605270310063
0xb1dC62436Bc918FAfbF84E413028FB6CA185aDBa,7961279232822183018953
0x4d246bE90C2f36730bb853aD41d0a189061192d3,7105880874316395832846
0x8f1CC53bf34932591177CDA24723486205CA7510,6316215150985651134623
0xC59b0e4De5F1248C1140964E0fF287B192407E0C,6243623366246888297509
0xd85872dB2628C55591E7BFBE4349058b53FacB97,5969683100165965840649
0x8313812E4C8647E297ac8947f9032ce3C27465FB,5742039612685300518201
0x4378E4a53Cf4DF6Dc701Baec4C7c5A2805D85e5f,5253174403208320850991
0x4efbCfaCba805254E59462af3b0F0c83dDd6Af3A,4399544984524993666625
0x84443F61efc60D10DA9F9a2398980CD5748394BB,4184778248327234768208
0x6eCDf77A82B5Cc3F8E5c8f285212514c95930b68,4105903722728565998680
0x3eEFa3A7629aDC94c6804615f9cF004378d21585,3988994582825288791132
0x510398f76cEe472A7c9B61F403AE18073E84a5D3,3704742877799370419764
0x5E97c21Cc62b883b81630A47c7B26891d6E18609,3216559422502075588828
0x02352E6DCF0c77577222adEE8C63d52243B5C33F,3189530745868979181690
0xD87b52a2545064aA2fD7DC8ab7831e1E8D7f0bf6,3158108318354095677205
0xfF501B324DC6d78dC9F983f140B9211c3EdB4dc7,3158107575492825567295
0xbAD487BAa8e349272d0f3BF1578870F2647072f3,3157949670114050926017
0xE1a92a2fab8A3350c01C01AF58AAaB44EAc29CF8,3111086862702154604393
0xe4D99505112976D49CF76eC2564D9EC1bDF2AE8A,3060060967704075304733
0x993205ac41b7AD857bb99224Ef463e24FBD7AC24,3007620591413016936188
0x89e48081004d48d371f0904c0633Cf3f82A7a563,2985479712308318632107
0x20026F06342e16415b070ae3bdB3983AF7c51C95,2949429301226986132285
0xeaA9924504B1bac8668DfA58e1d2182C2d76314c,2937040045208327777585
0x3A184b6f604d5bb98d224367641D62d8ca8C072d,2737994299730948572064
0x87f1be52A8BaDB268b4967DE98ca7d115EC4de8f,2692570937789428150420
0x93D98d555Fb4aa1a0873D87D341118f2CF54ab49,2595516561331882941290
0xd8Cb50Dc901521DA34980D1D6E8cB150E81b26C6,2494904984639332198163
0x13a0B42b9C180065510615972858bF41d1972a55,2463175771208783449321
0xf21DFd3e7F30a29c8be653f6cD0FD50115E45980,2371583509580910792357
0xd7949d974d8f1232Ce20329FFC90c81557a6Bf3b,2315808672893895303532
0x49cc84209f6b84282726218AB9bE64105b334C2b,2271468873673214789277
0xf9A74d87cA5299d245A988143ab51e2Dc222D1b4,2016208755527328732548
0x1f0a6dFb5aD3458eF22F02AE10Dc064d92ce7b60,1930842779125668156521
0xab613544D53173E65e75a2390F7512F6fe941257,1735168025039329335255
0xC36b95c68E2930c3600aE13C6e3B562E7b70C2cA,1735064301975758366672
0x95151e4615C5c0924B918c85ad8d8a94D6644ab3,1564269600428146412734
0x2f1947b22216BCD159172836Ff1fF52d183e1D89,1539820617336065411625
0x49D56A0Ae3608b683755Cd54E2020134319213E5,1460568076629221335315
0x59693ebba325f592d858c30998d7C68EE29a4cb1,1421148408971771505283
0x41759Be0B0fffBB60EEdE24b59B590031C831262,1261792870974136563623
0x6aBcbe16E68777aCd81a50e78de0F3664554F3b6,1247951670313348320843
0x87f74e3D0E83Eeb52cE98cBAB8274099e3a6dDc9,1204502229292963671366
0xA0C6134f9E9A35753Fa1DE0344BA44CB85F7BFB5,1202897594833855766695
0xD54bc426E9FF81261fAD2EC293117f110409cd52,1164335187621645824524
0xd010EB53A6522dd4dA66A3A156334539Ec1Cb2A7,1145046825812947420818
0x2bD88192a1E33b926993816F21B87D32820777d5,1096162386158990972127
0xD268458f567DBD8D05635D2f3AF7A949df77C7eE,1093899903145371427994
0x187296D34aed6B5302E774889c8F487289624054,1064528147898444014690
0x43b7A09850De590C466775A7e1Cdc6f35BDf4275,1064528147898444014690
0x44e6e1B5c31776CDb88BaDCfD52C5ba96e01b4D6,1064528147898444014690
0x5801ca3b46f958885510699d927DF243e075C515,1064528147898444014690
0x8a1cbeecb8533465390749542d6C8717B7174200,1064528147898444014690
0xa4262084AB298c6A6bF203Ac6FfdE1bB854722d5,1064528147898444014690
0xc29e4bf1A563A526AAF9BFa0421877E7A641821c,1064528147898444014690
0xFEB55C331A059DDfb28DF94bD8E2AE008d8AA33F,1064528147898444014690
0x821ccFEa40Ba4e143C09eEe9770CC5C7EDA57d38,1041021811981247360770
0xCF2CBbF0158D3E839F688B2A6e29e3E0376e7194,1024490097489872614030
0xA84962dEb082d4e628E1FeE1c96efE09f56f0Bb6,858668743582503921232
0x1049459A541630687b4FA6c839249e3aA4DA7dFD,784497917965584292829
0x76813a2e6E5E51a2D4378f29bcEF4111b078f36F,764673925660068348468
0x86edd0c110D1Fc7F8A5e1108623b3B1B4E3740f9,762390461172931060532
0x19076Bd01E86fA3D76334e27D4b8E6789688A42d,715345819544751996994
0x6732b8FbCA4C625425A0Ed2f23a69E438396427C,636410154206737177175
0x50dA1E9c57c334bb3A7bC10ddB6860331EC3c62A,634777336859941841609
0x5D6c182fe79640E1866a74458c5d800D3c58cEe2,624205210439325927353
0x7c7635935b079323c762Bd40fa2146077f6DE0C6,623727135162762821358
0x385352B1A151C5cD36C8Ef61B4504dB8a8DcFDcc,602124790343462122660
0x5a1Bc518E8d34979479aA9c48cc3E3c062248Fa7,508345394209058504567
0x1D5Fceb726FcbAA3d7D9885b8666305ED44Ad23E,505549860684891516812
0xB02b3E9575D54b52D6C9414B08217c6570798c50,505549860684891516812
0x674bdf20A0F284D710BC40872100128e2d66Bd3f,492060193990100471445
0x74f011a94dAAbC99439B08BB542c7eA8764b6701,483190459050402311796
0x603C9545c03339B6f1BF8ED36d8B4dac71424b0e,446885732280166530960
0xbb83D92c8D2b1523b6Be79C822c20865D70321cC,426028711933982169028
0x2D9f0BFE4f2B36BcB79565d72cB3C1c82229B508,388456390297586473971
0x1fd81579B2DBB4ce9D798414a0da28Ef23394800,361728730177203576699
0xA89a7473F2A5c5f919D01CE04fc8a68bd629D5DB,357733197186763930924
0xabD238FA6b6042438fBd22E7d398199080b4224c,353932176005884331868
0x4E79Ac0ff969a861be0D98ccE18cCB2e238bCEA9,350421783329609700931
0xe3868c9f78240C0f280b7Bcef60492977b025d3E,345760165391868329348
0xb20EBf3e23579a5d6435F77744813d8bA3e80a45,334507814500471414273
0xb00f68D1cc8a2D9e481DFe0404411bC78af777Ee,326583553890827331423
0x4fF2C1C17639d1A0f23C78B47A739fe532E7e3E5,315810757549282556729
0x6141C90C29529C97c29E31C7A7c09Bd52Df3312E,315810757549282556729
0xd0c02f92d646B1a6c7B27337a18270C15E756C0F,315494946791733274172
0x7B18CA83a9c3c539613C1B4D6B3C1c155Fa9e9D4,315280536800458674673
0x8B5B3Fe82379C41E43ccc457EC4ff5FEdA4D1bEd,312846944326273426197
0x9C49c053a8b9106024793516EE3c5562875A5C9a,271062817339727271202
0xEe45a1553dac00461634FF6eFC14f42D082448F5,249775802206356470962
0x92038B4241ca79c26B758c25591D2C7C224De0F5,239987129990461420499
0xbA1ABFABaE92d98cC8C40536Af3d7590A58Dc8D8,194561564998662530098
0xE5c405C5578d84c5231D3a9a29Ef4374423fA0c2,186536802897569233210
0x9a8341126d99EDB43099374CC8183b1BFBce73CA,181748055159695381299
0x207eB3bc84574F92723EEe71c388223804BB5dE7,180434789936181123538
0xe8e45431b93215566BA923a7E611B7342Ea954DF,164501022426731924094
0x34cAf97e7b5C4a14bCb8e08148575F009DE513CF,161905594701548618990
0x428824314a823c89241EBCdfCccA8932C4573c4a,157905378774641278364
0xf09209B90fBf1730DE27843d282e5d3dDF71352B,156326324986894865581
0xB8bE713fEe0B3F437BE4793a23f96fEC7eAe4316,154747271199148452797
0x5BF66E7b96AC308dBae5Ddc85c0CFD253996c0dB,153619076957315853623
0xc92C83Bd0967801F54272Aa916E61E6c1f32E750,150520456221742798268
0xce88686553686DA562CE7Cea497CE749DA109f9F,136891729109368966094
0x2a0c0DBEcC7E4D658f48E01e3fA353F44050c208,114722065908092015063
0x1Cafc19E5003EDF71D4DD4d730e9b933893945a8,110373017466656310033
0x48bfF3491D185bBB3a81eE41c03888d1E8035F5A,102670888240249138567
0x4A1f457043555Bb3CD85da51674B1802164D789B,100535094144619744847
0x042B32Ac6b453485e357938bdC38e0340d4b9276,99807039723201809834
0x06d50814562467776Af76134aD936440E6AbB878,99807039723201809834
0x08c10DFDb8f47bEEDE284b7fcAAE1De756508296,99807039723201809834
0x0d2d609D2F83C648d650138b74591DBbe4dB26Af,99807039723201809834
0x0eEF9FF29A845403dc29ed4501cCfFe406a16728,99807039723201809834
0x1A8c53147E7b61C015159723408762fc60A34D17,99807039723201809834
0x1aC9657dC23BD7232bA5A8c0C981Ca7cD497811F,99807039723201809834
0x1B8C266bEC765D4Cc82f104D51210eb31c0Cf7Dd,99807039723201809834
0x26189892774C5b31A99619445a69b35dB031Af77,99807039723201809834
0x27f0E8BecCfa594f4b08c24226cE75c535B900Ea,99807039723201809834
0x404cc81Cb762Cd0cfe8734B6acB6b9780B221F55,99807039723201809834
0x42009B6Fcdf29dD571383fC3560846C796367904,99807039723201809834
0x6Fbc7307D122F66aAC5E2a09fc30e90c9d753Fc0,99807039723201809834
0x7ac712ec4C58dEd138CC4e63e0fd59F697cC6963,99807039723201809834
0x86B0E9e05F0295AdB39799A402D2992D10439454,99807039723201809834
0x86cbD0ce0c087b482782c181dA8d191De18C8275,99807039723201809834
0x9538D438d506Fc426dB37fb83daC2a0752A02757,99807039723201809834
0xa09eeE5b24f902184c81982d8F506aD4B3F98Ba4,99807039723201809834
0xAd810e47663b9B4b7c83f63fc91dfdDd70Deaa00,99807039723201809834
0xc0602240900fe3e8F4d4Ee3F588DC6aD6251fd97,99807039723201809834
0xC9512cB5B4CED9C053A22B9e864cb41D6b3AAD05,99807039723201809834
0xD5FDE36F338bA877F08afbC712C02Aa1266c79F1,99807039723201809834
0xD9fC9Ac98A92b01286a8e11acb2a4Ebd0daa664F,99807039723201809834
0xe6fF280e0f970195de8f177035aCfB001fB1886b,99807039723201809834
0xf0623846CE80254E7015DF0a7327F2964f082c81,99807039723201809834
0xF58B7c28DAF13926329ef0c74FA3f7258f5A9131,99807039723201809834
0xFafd604d1CC8b6B3B6CC859cF80Fd902972371C1,99807039723201809834
0xFb176849773199F6874CB845E8526aC648d6bC2f,99807039723201809834
0xfbde656EB8E5959a247Db02E012904bc360A9026,99807039723201809834
0xFCDC24dC393d611783d82D5228Ca44D6C84b87A7,99807039723201809834
0xdBe29107464D469c64A02AFe631Aba2e6FaBedcE,97960246147725697018
0xb1dc3833BaDC83861998cb84B888Ea59ACdfeEA5,94806804643516238323
0xB3e2e3d6028a7F3c65FB65f99a0Cc68bB554718E,94743227264784767018
0xd6a062CAE6123C158768A5C444CA0896CC60D6B1,94743227264784767018
0xFFc96daDEd9757A9eA3E2fD50F1A0cBa18a78Df5,94585321886010125740
0x7c9424ffD975a35D973aD05D823969090DA6d0c6,93858568090298351923
0x3FB0a84fBc7711d7a994C121D09B009E9DfAdc56,90104533590914147799
0x02bF424DEF13DcaBa606493fc940aE432FB2283c,82057228194685682794
0x7e39f5AE11e39A7F1Db40a5de3B98D634C9973F6,63939244447346208934
0x1C21178Da6674F527359294646D5cC2E15dCD25E,63162151509856511345
0x67A122e18BBc259DbA299b8259b102D940f07420,63162151509856511345
0x8Ce856C19B768af4375E7B03ec6A69FCCCC32742,63162151509856511345
0xAA8F2ae4E2A7F5CD5047dAF6976975a2f0FF82DE,63162151509856511345
0xd02F3d2720565517eba501c8fe418612a1799Df8,63162151509856511345
0xFfd2D2A8a8Cc849fD76D514E2f7b6bfE97788A55,63162151509856511345
0x92c1f48aD7eF2aE00801620325aF996F843293a3,59700534100199990224
0x802B35E6C16fD51dDB8729C23683A572dcB0C09a,58111180456101536932
0x2D7752ce77302Fda14C1a405db4A4f5a44799A9c,57477557873969425324
0x385eD61627a1F2D2851fB686Bc40f33944953ef5,57299016421579930181
0x2655A71FBB4a0d8E13Efeaf4c527B56AFE16f782,55519898641027661281
0x76934F9a0b1C9E1B399702327F336871b461F093,54152557892974378545
0x569f61b4E43aBEad57488B808ecf2AC5d4b8FC4E,51509355023565442376
0xFdAae2218741A39B9Aa22418951895B5A0e5617F,48969799719317404943
0x2BeC16B164725EfC192B7EC0296F838C61317514,47371613632392383509
0x611B09Da2eae7DB6272096a9f1ad190377e5de01,39847271692049375587
0xF4336D80Da879C3F3E2e3080d81a6c4A6cC934ed,39350274852767108599
0xeE619Ee51537Bd7A7F3073d96275E079039247EB,38776399354954622732
0x6D66c298a977B68c9f40FF13e0d7A64C598E5d5A,37828647846529666228
0xdD9f24EfC84D93deeF3c8745c837ab63E80Abd27,36692408854387304391
0xa4A5717cDaC4f24094AC8eabfe63dCB8015309D5,36508912837975914762
0x0B3E0F0E8AFBa3413F8acF2AbEaf05A20730fd47,36115468294796916764
0x79954763edd1b71Df832244a7C33B7Ba9F00C9b8,35141354580182073871
0x1E46444ec4540B799A45cd76eEED984F8c59e586,34739183330421081240
0xb1720612D0131839DC489fCf20398Ea925282fCa,34718495392754723938
0x9fe93C9f6178d7F058Da3EfdE6398A491bE568Aa,34403681181193694465
0x7828ad948F3249740D21C0e002A99361BF7De650,33745464905380785433
0x44D3DF2E185EC8080bA03901e4e8A6cABD447399,32484545363145309537
0x902d39a1866d0Fa9A1eD0D6e6538338C4eD6eBf3,32170779107570272941
0x070cB1270A4B2bA53c81CeF89d0FD584Ed4F430B,31581075754928255672
0x090C6BBf0293eE24e5Af6f704D32A55BE8661423,31581075754928255672
0x0a875dd45EEd38fC8D4998e7E9dF68b88F4aB829,31581075754928255672
0x0E872c10AEc02823626243d167CD1C1552F501A7,31581075754928255672
0x221A8FCe7FFB57BC88CaAB98710aC7A0a1828AE3,31581075754928255672
0x221CAB7Fedb291e8ADA476Abe8195C04c9c0f825,31581075754928255672
0x29FCe0d2db8B5147d6355AC7f68089a4E6Cfa986,31581075754928255672
0x2E9feFb35E517aACAb10d5B506139450563C1fe2,31581075754928255672
0x35f3F66800de08d917c62D78cFb9F49B08529a69,31581075754928255672
0x36Ff3430F81b8346A77e164795A4E29088Bd1578,31581075754928255672
0x3c5F9E5b0bDB24ABdBB7060Ab921f8bfe0C9c726,31581075754928255672
0x45713EC783Dc287548Ce7579fb65FAb0A19E1a75,31581075754928255672
0x72eE53E890F6A0065dc6C35382F6528A474d8515,31581075754928255672
0x7b5f09dFd2dDa37759c7A592Fb3B184124b10e0E,31581075754928255672
0x80AdceA95f03E29236371d2FBD611051126d7372,31581075754928255672
0x8B405dBf2F30844B608b08DaD20447A6955A6C6E,31581075754928255672
0x912eC2F14adA4cB2183e4CC7ED797bbEea553f7C,31581075754928255672
0x98E554D39D450f9Fbf7fd045a143e4EBB21e91De,31581075754928255672
0x994b75D5Cb33674AF1E67C824a74B760812E78d5,31581075754928255672
0x9cD9fFFB2cBCd55757ce0D98e3C790CDF44Fa3d8,31581075754928255672
0xc24776080E6b11719de653a79aa490735A9B77e5,31581075754928255672
0xc708661BE50BB6B384be2b9afFfC9C6a55c09075,31581075754928255672
0xC760054C6380cE35F36CcED0Dc98750e7E57a637,31581075754928255672
0xCD54c83ee6103Fb66aCF38A952981Bf7b472745c,31581075754928255672
0xE9BC9E7f55e7F9e7553c4d1CBdA28Ae464cA5b3d,31581075754928255672
0xf05EF732ea1F89Bb5a61f3971fA94E5C76897587,31581075754928255672
0xF48d455b090a3677AAD1789EB09D1e587e834AF7,31581075754928255672
0xBF789D008a16B54B567A72c0919637762d925dc9,31565285217050791545
0x5ad6211CD3fdE39A9cECB5df6f380b8263d1e277,30306342938023858354
0xB85783bFaa35eCCceCef92137a275b8d5C3a8C56,29798827502722420174
0xCb3a8A27FD0284dcb630E1D500792bc139e18efa,28025480685039720101
0xF2CF7a0eC15039B3Db28D1edf3c9b3CFE407bd25,27225717596757313060
0xdfaC4e58BDF6691562FC5FEc6d9AFC5D8111e076,26179279586347661224
0xFD80A1a73b3B99EF08796f2f93f160EEAd48e653,25736623286056218366
0xE7d55A239D694a72bf8d392DBa06426e640534E5,25264860603942604538
0x2023b188A6234469DA35dDD2C91b64b1f194Ad0d,23471904509656371042
0x9ae49C0d7F8F9EF4B864e004FE86Ac8294E20950,23021776394035800971
0xA68D85dF56E733A06443306A095646317B5Fa633,22662502641788745480
0x7227c9c299D561C8c6320A04dD7f4c1c0FC33910,19746057194013892733
0xD1AD97cECC635675b0099D7B21967819315Ce44f,18876741664376141096
0x24F0bB6c9b2C3DB66603Fa0Ec07Ab0CF55cDd387,17667491007942576058
0xc884FAaf428471d82830B7f1Cb6Bb169EB4889fD,16851989254578028399
0xfF2e231b3D6260937EDc698dA5f77b6d3D377370,16034426180780289293
0x6CdBBC28aFA2a5fc6AFAEFB9bEDADe96c7c84649,15790537877464127836
0x74d26D64D69DC46b003a9f734a162bF050A1A1C9,15790537877464127836
0xa0B4B64997845CfD0BEB5C1B2FB46d534f237E5a,15790537877464127836
0xd511B69F1fB697d63aB1789aA5bFD9c74b98463d,15790537877464127836
0xe69ac6ADF65C682F3809e8273b123C2D6EC7726a,15790537877464127836
0xCc58e76A00a268e17B92C557a00F9f9216137244,14962248941982509104
0x5FE5Eb80DCB308E00D2C1Ffecdc2Fc4c3F716481,12857746434377110557
0xb3Efa320C225Fac8eC50D09AB45DE12474149E1D,12303790048207337657
0xB3EC0D352c7935dd2663eafaB4C99bE6508df9af,11083694346949620610
0xa7112b46BfEec68B2044b33E36b9cF83ADdF107A,10634771818417224340
0x55d34b686aa8C04921397c5807DB9ECEdba00a4c,10332361290283666902
0x94B8A190c23cC5a7Afa5546D541f281a7a6a6643,8684795832605270310
0xb874591c0cAFA79AB3614e132D705c4b78Fa1a6D,8634721382186223598
0xCddC9D0B59F409A0dbDe321F0Ae30E01a1324CE8,8484240145549583284
0x0D471E96B8444B6452a01Ca169dd78755B77a4d5,7827045354692549939
0x27492703E18f7Ab987d57C1E92d9e5D16D35b163,7323908853335265155
0x52B87a21A4aaa1e1fb2A1d6709fF8192137b0dfA,7309596622435220437
0xB84e34F8C0acB5083Ae186beAd140FA5c1d54c1C,6921317720962045442
0x7DDfBB379075EE3f4c23DFe556640e4AD50D2904,6558606248543947277
0x8a2f2F8637deb4Ee7C9400A240d27E3A32147dA4,6444322878987759455
0xC0Eb85285d83217CD7c891702bcbC0FC401E2D9D,6316215150985651134
0x3D71d79C224998E608d03C5Ec9B405E7a38505F0,5739530068752038304
0x2B0D0Fc5892b929c9f8b1283ADd68caD65Ce0E45,5723593052201818928
0xeBcC959479634EEC5A4d7162e36f8B8cc763f491,5331757655072110805
0x911605012f87A3017322c81fCB4C90ADA7C09116,5315977493470481775
0x15237FE209cEbdE8593D4Ed4Cd5985F07178d15a,5078236981392463512
0x6e68f1B08024B35e175BE750dd94cd84942fe851,4993305361286550000
0xedcCD895c64Dc76b697cF961b1a203E921Ef0C83,4871884671731184907
0x47114E36567954bE13C1D9eDB8f93bb9293Cf722,4800329830964245847
0xeE52D73202bDd9D3a87c8Ec001aD27c0d6502E33,4727277317099423222
0x4585B138dc13925c65613a511Fc1fc642d16D976,4684474338746533992
0x9e16Fe51bE911673749c8480889755471dCA1A87,4681605230223846183
0x3c020e014069df790d4f4e63fd297BA4e1c8e51F,4642418135974453583
0xC1E377406376bF1598D271c225aF2d2615222575,4569781661738118595
0x04F062809B244e37e7fDC21D9409469c989C2342,4547674908709668816
0x6ECB10B62a1EEA81C24f88dcebd6fa316F12d598,4495308745745655817
0x860bd2dba9Cd475A61E6d1b45e16c365F6D78F66,4416656453098251265
0x2d2bD6715244BBAa81b61b190116E7564108A3E3,3979370643310982682
0x73555792708d34D5d2c3Fce67134eA691cEb4d65,3954424400653341534
0xb56F5b5739Be848d76fbb7DA6Be935C882c614d0,3788465847561193550
0x436aB15705E0Ed23284512770748770EE4C16155,3748606029577309556
0x70bCd0071288A4E459D79C76d9d4A23D7A4f76bd,3731907034990446257
0xdE57844F758A0A6a1910a4787AB2F7121c8978c3,3660717381605029742
0xabbcfa179545a1AA8fF79E69B7019Cd6E0Ed1F16,3638437808038750982
0x0eFb068354c10c070ddD64a0E8EaF8f054DF7E26,3531435033134538837
0x000000000000541E251335090AC5B47176AF4f7E,3316442433523801514
0x3ffB246418ea0e0B0E7E44246087635422aDA6C6,3221269727002682078
0x4aa42145Aa6Ebf72e164C9bBC74fbD3788045016,3158107575492825567
0x7A924b1B133963DB78A98930da55979f475EBC00,3158107575492825567
0xa394eF8DAe1155aff2Bc4535AceA2e59A1DD6024,3158107575492825567
0x246bb72f98C136cC6A6a2F4972801bE14AeAb70C,0
0x7ABF8f8590C9d00448fEc66A65E6D3516e6b123f,0
0x506109C8C43B1838a466f37dc3F57019fA0537cA,0
0x61dcC622A5c0Aa1Ca8737B8A5Fbc39206C8f346f,0
0xBA6dAEF2e74Dae3D107cFbA3DFa429325B5eA01a,0
0xdeADbeEfaDf9F06945b3dFaF4F73fDeCC70e1C89,0
0x0041C9afFb49b4706D1e58c5d9003a4bf22D633c,0
0x21e63fD29320B91f0E3878A81CF56BC8D71EcbC5,0
0x380Bc40aa62DC046d03dE5fa68cfAe3c1f2946d4,0
0x4B61eeF6ac94582e958010928E0F006D31Ef0F1A,0
0x7439004f73c4e7776AeA456AAc7d4BE2F5AfaEbF,0
0xCa11da7a79feD17008d8bf03B2CFbeb2c9a0b752,0
0xF27a834A568f9dF7A3eBeC1630f5f70b5c1e2D0B,0
0x64817A291A518068eDE946f69a053CDC0e7ECE09,0
0xbeEf4DADE5cA40347ED018Bf80c6FD244eD44492,0
0xcEBfe2eA751E69eA5022097A18f0d2E5E50a1B2a,0
0x6B809ef125e708702d33111C4b7Ee49460260DF7,0
0xA6Eb9349E3d73ec5b7A6b6e34CaFc777eE80E30b,0
0xC08d1Ba915daa96f2677158d28962D7c4da4CD80,0
0xcd6e9D8ac1a23614772EcA1c12633784D26E925B,0
0xf6496355ab24Cbc95e773854166ab955A691391f,0
0x255674D34E695100b8060f3F32D5D19D14196476,0
0x1DdD4459302EEEDa17f855055C7C78d84efa1Ffd,0
0x598Dbe6738E0AcA4eAbc22feD2Ac737dbd13Fb8F,0
0x899F7e063DFB777f3D9fa57DB64f735c2e7090cf,0
0xDf5cE70CFE1ADDBC9Fb26b5952d9d600Dfe3f628,0
0xf72628b3fbF5B004596a68EE4d7BB37dc65FA9a3,0
0x08F4B53Be72918348e1fa0301A3c29F905259ffb,0
0xBffF21F342b33E0D990bd1Fe007bB0031507Da66,0
0xC723c4387b7EC2e9e0A85f5FB746b38a5693fa12,0
0xE094a22330b1EB7d69BB6342A63c59C07c1A5B4c,0
0xeDC310091527044beaD0c98c9AD630cB5EFE7Bf3,0
0xFD1b2E509EA6A2Fb487C93e89e116E37f6630B46,0
0x43f0c06507EF340250CB7d4A5afB8201453251ed,0
0xcdA5E361B8bA46339D67207690Cd1dA1aa588568,0
0x2eB5e5713A874786af6Da95f6E4DEaCEdb5dC246,0
0x6875344C940B65B1d906410851F37F389B36e96B,0
0x114b8D7Ab033E650003fa3Fc72C5Ba2d0FD18345,0
0x386426e280aF8A9fd650E726f7c1eF93230eE2D5,0
0x788edA2e11021f24c04FE6d4054aa8B163E6cbFe,0
0x950AFF052Adb56654BdeAF803E58911da76F10cD,0
0xb9E29984Fe50602E7A619662EBED4F90D93824C7,0
0xCCb4229d3a8e6a9c869089d42027db8D8d1321f0,0
0xa489faf6e337D997B8a23E2B6f3A8880b1B61E19,0
0xf7De94562085847c445e5099cCB1deF04De15FDf,0
0x2D81713c58452c92C19b2917e1C770eEcF53Fe41,0
0x3b4512e84017EC2dbc24e97006b47318807E1d3F,0
0x40F7807D6b7cCf823BE5B760828a6366aB3Df3a9,0
0x4dA94e682326BD14997D1E1c62350654D8e44c5d,0
0x62208760588E58eE93606aF74D1f5F994d5e24f2,0
0x6724F3FBb16F542401BfC42C464CE91b6C31001E,0
0x6Fc49Ca12Ea57Ac826315b5Eb097AD41075162D8,0
0x75A8c6047De5A6aC0a6f15438DFe32C9B97e2299,0
0xa0f75491720835b36edC92D06DDc468D201e9b73,0
0xB18e3BF33365fD2466c2E99b181E527a165c210c,0
0xc5614f397051E6Db3bFAbf9813C6C9b57f232783,0
0xC6d8781f7Ee8CbacA5F751D2Ea9fe99c56eBF5D9,0
0xDbBB1bD4cbDA95dd2f1477be139C3D6cb9d2B349,0
0x1f68B6521d5E01747BF1E4A2672a2AC35D03e864,0
0x52C167aF622071d1079d97AE3AbB215496eA41d0,0
0x6AD7baBfdC153ec9dDC78b49523f33FFaD4f3631,0
0xD7f0dDcBb0117A53e9ff2cad814B8B810a314f59,0
0xd97a2f65F89F99CE03cA8F3fD2431D053d387E8f,0
0xE34B1AC3074121418152c7A68B4ae6CB7803d725,0
0xe8C1c26b0d86928ae0Ad1e7Bb3508ADb3925cf21,0
0x019EdcB493Bd91e2b25b70f26D5d9041Fd7EF946,0
0xBa35213305aac52E26b21465d41bc1e2BB3a2Afe,0
0x3A184b6f604d5bb98d224367641D62d8ca8C072d,0
0x4CB713829B031dac9eBc9e129A79319254bA3459,0
0x6a4d361B7d0daDF8146DcfE6258A8699ea35eB81,0
0xDd9b9a7B7814b718282967dde9489E68894bdF84,0
0x5811e1f688321481127fc6712cce32Ab208f3Fe2,0
0x8410373DF6E9b20765c9599c26d585B2cd0Ef628,0
0x9fB315cFCf8C861Ad0020b7616aFeAf77f021AC4,0
0x4a12ef9D310B4BD1ae59aA0a9775329564ED81f0,0
0x8ed48a056725DC7740100Ed2e1B296e7489452d0,0
0xCeC0d1A31129Af0b1088a3d8Dfa6aBB4BD1Ecb45,0
0xe426a732552764F3301DEdF98014Ad880A74ce51,0
0x10D6d2e343281D388291A3e02f3293AaEdA67178,0
0x629276414fe048BBEeE5Be0bfDF5c6Fa9b6E0a99,0
0xfB822890e821925403A11d544389c012FBd15934,0
0xca07EaA4253638D286caD71CBcEec11803F2709A,0
0x0DA0C3e52C977Ed3cBc641fF02DD271c3ED55aFe,0
0x873e67A4835c531287aa944F032f0B3b47B6e62a,0
0x91feD883c7f98453536B4Bd2eA0ECC15B832a3f9,0
0xcD3890b1eb163eF218adcFF0bEa56C5cc174b225,0
0x849D52316331967b6fF1198e5E32A0eB168D039d,50000000000000000000000000